"","pool","prevalence","above.llod","limit","pos_real","pos_null","total.tests","total.tests_null","tests.per.sample","tests.per.sample_null","tn_real","tp_real","fn_real","fp_real","ppa","ppa_null","tn_null","tp_null","fn_null","fp_null","est","lwr.ci","upr.ci"
"1",1,0.001,0.05,35,0.963948332369385,0.001,1.94862155388471,1.0009841,1.94862155388471,1.0009841,0.036051667630615,0.948621553884712,0.0153267784846732,0,0.9841,0.9841,0.999,0.0009841,1.59e-05,0,0.9841,0.981452397152534,0.986459924464894
"2",1,0.001,0.1,35,0.769289945380414,0.001,1.74205708131395,1.0009646,1.74205708131395,1.0009646,0.230710054619586,0.742057081313947,0.0272328640664667,0,0.9646,0.9646,0.999,0.0009646,3.54e-05,0,0.9646,0.960790283002469,0.96813592900557
"3",1,0.001,0.15,35,0.909173561232839,0.001,1.85698699881807,1.0009426,1.85698699881807,1.0009426,0.0908264387671606,0.856986998818074,0.052186562414765,0,0.9426,0.9426,0.999,0.0009426,5.74e-05,0,0.9426,0.93786057829878,0.947079549003037
"4",1,0.01,0.05,35,0.992464901097055,0.01,1.97718094162016,1.009846,1.97718094162016,1.009846,0.00753509890294457,0.977180941620161,0.0152839594768947,0,0.9846,0.9846,0.99,0.009846,0.000154,0,0.9846,0.981990386372149,0.986921520891363
"5",1,0.01,0.1,35,0.991089207038535,0.01,1.95709484723711,1.009657,1.95709484723711,1.009657,0.00891079296146465,0.957094847237114,0.0339943598014218,0,0.9657,0.9657,0.99,0.009657,0.000343,0,0.9657,0.961944567794738,0.969180921535235
"6",1,0.01,0.15,35,0.977539157962808,0.01,1.92377450427485,1.00945,1.92377450427485,1.00945,0.0224608420371916,0.923774504274854,0.0537646536879545,0,0.945,0.945,0.99,0.00945,0.00055,0,0.945,0.940350441298996,0.949388201774622
"7",1,0.05,0.05,35,0.997865758757761,0.05,1.98120140058651,1.049165,1.98120140058651,1.049165,0.00213424124223862,0.981201400586507,0.0166643581712546,0,0.9833,0.9833,0.95,0.049165,0.000835,0,0.9833,0.980592895052124,0.985720078029494
"8",1,0.05,0.1,35,0.994470369473888,0.05,1.96224952950293,1.04838,1.96224952950293,1.04838,0.00552963052611235,0.962249529502934,0.032220839970954,0,0.9676,0.9676,0.95,0.04838,0.00162,0,0.9676,0.963940668153382,0.970983563160403
"9",1,0.05,0.15,35,0.996167377091296,0.05,1.94297203915462,1.04733,1.94297203915462,1.04733,0.00383262290870388,0.942972039154621,0.0531953379366752,0,0.9466,0.9466,0.95,0.04733,0.00267,0,0.9466,0.942011661776163,0.950925988507497
"10",1,0.1,0.05,35,0.995205069346215,0.1,1.9781870626604,1.09829,1.9781870626604,1.09829,0.00479493065378447,0.978187062660395,0.0170180066858203,0,0.9829,0.9829,0.9,0.09829,0.00171,0,0.9829,0.980163705583096,0.985349588360666
"11",1,0.1,0.1,35,0.999461991736363,0.1,1.96418098342807,1.09647,1.96418098342807,1.09647,0.000538008263636808,0.96418098342807,0.0352810083082936,0,0.9647,0.9647,0.9,0.09647,0.00353,0,0.9647,0.960895178648935,0.968230967820581
"12",1,0.1,0.15,35,0.999460632225978,0.1,1.95118668368946,1.09517,1.95118668368946,1.09517,0.000539367774022164,0.951186683689463,0.0482739485365147,0,0.9517,0.9517,0.9,0.09517,0.00483,0,0.9517,0.947314394392289,0.955820071045133
"13",1,0.15,0.05,35,0.999746290799788,0.15,1.98505002032503,1.147795,1.98505002032503,1.147795,0.000253709200212399,0.985050020325031,0.0146962704747569,0,0.9853,0.9853,0.85,0.147795,0.002205,0,0.9853,0.982744672318699,0.987566644529471
"14",1,0.15,0.1,35,0.996167377091296,0.15,1.96339347038499,1.145065,1.96339347038499,1.145065,0.00383262290870388,0.963393470384992,0.0327739067063036,0,0.9671,0.9671,0.85,0.145065,0.004935,0,0.9671,0.963415081386673,0.970509482256555
"15",1,0.15,0.15,35,0.999194305256577,0.15,1.94843523454954,1.14238,1.94843523454954,1.14238,0.000805694743422902,0.948435234549543,0.0507590707070341,0,0.9492,0.9492,0.85,0.14238,0.00762,0,0.9492,0.944713515643762,0.953422515121961
"16",2,0.001,0.05,35,0.965754116060134,0.002,2.88412880923593,1.0039024932,1.44206440461797,0.5019512466,0.0348837988426665,0.942064404617967,0.0230517965393667,0,0.976115004067154,0.976111355677839,0.998001,0.0019512466,4.77534e-05,0,0.976115004067154,0.972929999639784,0.979018392844094
"17",2,0.001,0.1,35,0.939153507398959,0.002,2.78000698036647,1.0037898036,1.39000349018324,0.5018949018,0.0610915599359741,0.890003490183236,0.0489049498807896,0,0.94791297234749,0.947924862431216,0.998001,0.0018949018,0.0001040982,0,0.94791297234749,0.943375692801959,0.952187085346371
"18",2,0.001,0.15,35,0.948406184106051,0.002,2.75638236388875,1.003703077,1.37819118194437,0.5018515385,0.0518522323474022,0.878191181944375,0.0699565857082233,0,0.926217633901707,0.926232366183092,0.998001,0.0018515385,0.0001474615,0,0.926217633901707,0.920918786316038,0.931266618650175
"19",2,0.01,0.05,35,0.996812432117954,0.02,2.93834283961321,1.03883752,1.46917141980661,0.51941876,0.00677688981703257,0.969171419806606,0.0240516903763609,0,0.975784201827593,0.975817085427136,0.9801,0.01941876,0.00048124,0,0.975784201827593,0.972579190746478,0.978707832920951
"20",2,0.01,0.1,35,0.998463855116991,0.02,2.89287805550179,1.03788664,1.44643902775089,0.51894332,0.00572562786045467,0.946439027750893,0.0478353443886528,0,0.95188919102308,0.951925628140704,0.9801,0.01894332,0.00095668,0,0.95188919102308,0.947511342938822,0.956001385734101
"21",2,0.01,0.15,35,0.991113912895119,0.02,2.83631239227778,1.03688408,1.41815619613889,0.51844204,0.0088997362057954,0.918156196138892,0.0729440676553123,0,0.926400919947229,0.92673567839196,0.9801,0.01844204,0.00145796,0,0.926400919947229,0.921107875969601,0.931443990019986
"22",2,0.05,0.05,35,1.01628031771688,0.1,2.95231301297033,1.190625,1.47615650648516,0.5953125,0.00125828325090035,0.976156506485162,0.0225852102639381,0,0.97738633534058,0.977564102564103,0.9025,0.0953125,0.0021875,0,0.97738633534058,0.974279642292657,0.98021049840511
"23",2,0.05,0.1,35,1.01436222601764,0.1,2.90043983656281,1.185576,1.45021991828141,0.592788,0.00103496402254619,0.950219918281406,0.0487451176960477,0,0.951204380593409,0.951671794871795,0.9025,0.092788,0.004712,0,0.951204380593409,0.946798536684945,0.955345000941951
"24",2,0.05,0.15,35,1.03291816324542,0.1,2.85952714529133,1.181332,1.42976357264567,0.590666,0.00069361851874176,0.929763572645665,0.0695428088355931,0,0.930408921503623,0.929907692307692,0.9025,0.090666,0.006834,0,0.930408921503623,0.925245152556147,0.935320283311656
"25",2,0.1,0.05,35,1.056586432136,0.2,2.95532605191625,1.371602,1.47766302595812,0.685801,0.000342954916213207,0.977663025958125,0.0219940191256617,0,0.97799843532957,0.9779,0.81,0.185801,0.004199,0,0.97799843532957,0.974930289753961,0.980783605411448
"26",2,0.1,0.1,35,1.03470549435466,0.2,2.9074262140453,1.362906,1.45371310702265,0.681453,0.000565571397548156,0.953713107022653,0.0457213215797986,0,0.954252805115257,0.955015789473684,0.81,0.181453,0.008547,0,0.954252805115257,0.949973411588233,0.958265056382016
"27",2,0.1,0.15,35,1.04576974153307,0.2,2.86190649945671,1.35406,1.43095324972835,0.67703,0.000402950155887878,0.930953249728354,0.0686438001157586,0,0.931328528704178,0.931736842105263,0.81,0.17703,0.01297,0,0.931328528704178,0.926195080330061,0.936209010372744
"28",2,0.15,0.05,35,1.07690896494771,0.3,2.95859006076875,1.543702,1.47929503038437,0.771851,0.000270297325388123,0.979295030384374,0.0204346722902374,0,0.979559802779123,0.979643243243243,0.7225,0.271851,0.005649,0,0.979559802779123,0.976592663205234,0.982242812724513
"29",2,0.15,0.1,35,1.09221937219869,0.3,2.91114796498284,1.530142,1.45557398249142,0.765071,0.000177275543919196,0.955573982491418,0.044248741964663,0,0.955743412424703,0.955210810810811,0.7225,0.265071,0.012429,0,0.955743412424703,0.951527634979001,0.959691103988337
"30",2,0.15,0.15,35,1.10650947558919,0.3,2.85426658872114,1.5135925,1.42713329436057,0.75679625,0.000162928309248595,0.927133294360572,0.0727037773301796,0,0.927284375236022,0.925391891891892,0.7225,0.25679625,0.02070375,0,0.927284375236022,0.922019435210676,0.932298805758614
"31",3,0.001,0.05,35,0.97379102994796,0.003,3.83527424693316,1.0087332085525,1.27842474897772,0.336244402850834,0.0270055495647208,0.945091415644385,0.0279030347908938,0,0.971322513937863,0.971327509567064,0.997002999,0.0029110695175,8.59314825e-05,0,0.971322513937863,0.967860945016352,0.974505806870591
"32",3,0.001,0.1,35,0.982737402745675,0.003,3.76250334818649,1.008433181578,1.25416778272883,0.336144393859334,0.0182567577357165,0.920834449395496,0.0609087928687876,0,0.937958531063267,0.937957820501228,0.997002999,0.002811060526,0.000185940474,0,0.937958531063267,0.933051560239981,0.94260848469259
"33",3,0.001,0.15,35,0.959370279325134,0.003,3.6159306122298,1.0081762403731,1.2053102040766,0.336058746791034,0.0410862690370386,0.871976870743267,0.0869368602196944,0,0.90933818401746,0.909380229669593,0.997002999,0.0027254134577,0.0002715875423,0,0.90933818401746,0.903540692317441,0.914895979968545
"34",3,0.01,0.05,35,1.00423303547416,0.03,3.89897212226696,1.0863854494,1.29965737408899,0.362128483133333,0.00319734913604096,0.966324040755655,0.030478610108304,0,0.969423626550464,0.969501020167671,0.970299,0.0287951498,0.0009058502,0,0.969423626550464,0.965859517430705,0.972710746426446
"35",3,0.01,0.1,35,1.00614189043069,0.03,3.8144034998219,1.0838231998,1.27146783327397,0.361274399933333,0.00270798590106442,0.938134499940633,0.0591575141583024,0,0.940681853136313,0.94074497828356,0.970299,0.0279410666,0.0017599334,0,0.940681853136313,0.935872226382858,0.945232789505789
"36",3,0.01,0.15,35,1.01690166740205,0.03,3.7331979223219,1.0813054987,1.24439930744063,0.360435166233333,0.00235131229968823,0.911065974107299,0.0865827135930132,0,0.913213223592169,0.912488902730548,0.970299,0.0271018329,0.0025991671,0,0.913213223592169,0.907524387774681,0.918660038990618
"37",3,0.05,0.05,35,1.05744255333923,0.15,3.9235588678409,1.4171574625,1.30785295594697,0.472385820833334,0.000596929631885284,0.974519622613634,0.0248834477544809,0,0.975101689706321,0.974951709027169,0.857375,0.1390524875,0.0035725125,0,0.975101689706321,0.971855861772056,0.978066621162637
"38",3,0.05,0.1,35,1.04011548869224,0.15,3.83430105694057,1.4047342,1.27810035231352,0.468244733333333,0.000648658455534757,0.94476701898019,0.0545843225642754,0,0.945380247871667,0.945916914986854,0.857375,0.1349114,0.0077136,0,0.945380247871667,0.940745141186681,0.949753761938346
"39",3,0.05,0.15,35,1.06510557362556,0.15,3.75165948882845,1.3921844125,1.25055316294282,0.464061470833333,0.000479191825149568,0.917219829609485,0.0823009785653658,0,0.917659564571097,0.916586415425066,0.857375,0.1307281375,0.0118968625,0,0.917659564571098,0.912099475502079,0.922974959507061
"40",3,0.1,0.05,35,1.08152472109803,0.3,3.91034908046364,1.7894686,1.30344969348788,0.596489533333333,0.000254684435101628,0.970116360154546,0.0296289554103525,0,0.970363496633529,0.971056088560885,0.729,0.2631562,0.0078438,0,0.970363496633529,0.966849689427098,0.973599679882119
"41",3,0.1,0.1,35,1.07716841533046,0.3,3.83939674443306,1.7708371,1.27979891481102,0.590279033333333,0.000240662410479258,0.946465581477686,0.0532937561118346,0,0.946693414996924,0.948139114391144,0.729,0.2569457,0.0140543,0,0.946693414996924,0.942108684670978,0.951015737556297
"42",3,0.1,0.15,35,1.07399582383077,0.3,3.75975870459251,1.7499427,1.25325290153084,0.583314233333333,0.000284040494078428,0.919919568197503,0.0797963913084187,0,0.920180936845446,0.922438745387454,0.729,0.2499809,0.0210191,0,0.920180936845446,0.914695904142567,0.925419755911231
"43",3,0.15,0.05,35,1.21548886077014,0.45,3.92993608205682,2.1292739875,1.30997869401894,0.709757995833333,0.000111568080939587,0.976645360685606,0.0232430712334548,0,0.976754335292344,0.975509329446064,0.614125,0.3764246625,0.0094503375,0,0.976754335292344,0.973608424506465,0.979618172397821
"44",3,0.15,0.1,35,1.09847104680658,0.45,3.83644817372635,2.0986613875,1.27881605790878,0.699553795833333,0.000242076540171204,0.945482724575449,0.0542751988843794,0,0.945711659181904,0.94906501457726,0.614125,0.3662204625,0.0196545375,0,0.945711659181904,0.941089197503375,0.950072322695773
"45",3,0.15,0.15,35,1.20984706410823,0.45,3.78268751966281,2.0701439875,1.2608958398876,0.690047995833333,0.000105704717507825,0.927562506554269,0.0723317887282229,0,0.927660564652199,0.924430612244898,0.614125,0.3567146625,0.0291603375,0,0.927660564652199,0.922407657721745,0.932662733890226
"46",4,0.001,0.05,35,1.06564790110687,0.004,4.76766427544681,1.01546392171649,1.1919160688617,0.253865980429121,0.0298724975226339,0.941916068861703,0.0282114336156629,0,0.970919870281359,0.9679460586643,0.996005996001,0.00386598042912151,0.0001280235698785,0,0.970919870281359,0.967436254190437,0.974125484701274
"47",4,0.001,0.1,35,1.07868340991295,0.004,4.62921180266185,1.01489434976178,1.15730295066546,0.253723587440445,0.034326015143365,0.907302950665463,0.0583710341911723,0,0.939554098892042,0.932294369604512,0.996005996001,0.00372358744044561,0.0002704165585544,0,0.939554098892041,0.934703837074682,0.944146363949388
"48",4,0.001,0.15,35,1.01841382880334,0.004,4.51538038183178,1.01434705558939,1.12884509545794,0.253586763897348,0.0257017350210616,0.878845095457944,0.0954531695209945,0,0.902028800674239,0.898037132222862,0.996005996001,0.00358676389734861,0.000407240101651401,0,0.902028800674239,0.896034670758179,0.907787607709703
"49",4,0.01,0.05,35,1.06936836275255,0.04,4.85758727348141,1.15210042448,1.21439681837035,0.28802510612,0.00257776450797805,0.964396818370354,0.0330254171216681,0,0.966889231113464,0.965006490967032,0.96059601,0.03802510612,0.00137888388,0,0.966889231113464,0.963193591414588,0.970309574264582
"50",4,0.01,0.1,35,1.10648642599381,0.04,4.74244483912284,1.146827160172,1.18561120978071,0.286706790043,0.00183695202750818,0.93561120978071,0.0625518381917817,0,0.937333045619311,0.931550080156857,0.96059601,0.036706790043,0.002697199957,0,0.937333045619311,0.932404087825244,0.942005369677496
"51",4,0.01,0.15,35,1.07285048696613,0.04,4.63565050925073,1.142947359668,1.15891262731268,0.285736839917,0.00326340085598806,0.908912627312684,0.0878239718313278,0,0.911888484975118,0.906934549445373,0.96059601,0.035736839917,0.003667150083,0,0.911888484975118,0.906162142868023,0.917373601930985
"52",4,0.05,0.05,35,1.16725929001671,0.2,4.88639479935362,1.71930002,1.22159869983841,0.429825005,0.000255377927094501,0.971598699838407,0.0281459222344988,0,0.971846888082138,0.969439698103036,0.81450625,0.179825005,0.005668745,0,0.971846888082138,0.968414287429808,0.975000854220772
"53",4,0.05,0.1,35,1.14066572555657,0.2,4.76305130537067,1.6957423925,1.19076282634267,0.423935598125,0.000409110843818197,0.940762826342668,0.0588280628135142,0,0.941147860137886,0.937689804238687,0.81450625,0.173935598125,0.011558151875,0,0.941147860137886,0.936355161525951,0.945681581429917
"54",4,0.05,0.15,35,1.17470244417008,0.2,4.66887598357661,1.67554558,1.16721899589415,0.418886395,0.00028754729425782,0.917218995894154,0.0824934568115887,0,0.917482815595306,0.910469463256848,0.81450625,0.168886395,0.016607355,0,0.917482815595306,0.911917521959216,0.92280352152182
"55",4,0.1,0.05,35,1.2752664568964,0.4,4.89388605127416,2.33487032,1.22347151281854,0.58371758,0.000100738656004219,0.97347151281854,0.0264277485254553,0,0.973569588910454,0.970391334690317,0.6561,0.33371758,0.01018242,0,0.973569588910454,0.970234287651417,0.976625066843764
"56",4,0.1,0.1,35,1.265679928654,0.4,4.79338197902761,2.29736188,1.1983454947569,0.57434047,0.000120952688047453,0.948345494756902,0.0515335525550507,0,0.948460213569239,0.943124367548706,0.6561,0.32434047,0.01955953,0,0.948460213569239,0.943944440306888,0.952712479232899
"57",4,0.1,0.15,35,1.16896533523577,0.4,4.64882592168501,2.25488172,1.16220648042125,0.56372043,0.000240249474353383,0.912206480421252,0.0875532701043945,0,0.912425690213713,0.912243181157313,0.6561,0.31372043,0.03017957,0,0.912425690213713,0.906714511695776,0.91789532115537
"58",4,0.15,0.05,35,1.22243227681862,0.599999999999999,4.88791181104922,2.86060408,1.22197795276231,0.715151019999999,0.000142572385732685,0.971977952762306,0.0278794748519607,0,0.972116549738012,0.973132012709371,0.52200625,0.46515102,0.01284273,0,0.972116549738012,0.968698961054021,0.975255318954751
"59",4,0.15,0.1,35,1.36027343846891,0.599999999999999,4.81714858017249,2.816307415,1.20428714504312,0.704076853749999,7.73874309955971e-05,0.954287145043123,0.045635467525882,0,0.9543610005892,0.949963997960224,0.52200625,0.45407685375,0.02391689625,0,0.9543610005892,0.950086183878183,0.958368606674023
"60",4,0.15,0.15,35,1.32643174928941,0.599999999999999,4.71476655804627,2.7672947875,1.17869163951157,0.691823696874999,7.98435084401356e-05,0.928691639511567,0.0712285169799927,0,0.928765795431194,0.924329443376613,0.52200625,0.441823696875,0.036170053125,0,0.928765795431194,0.923548472728559,0.933731709590088
"61",5,0.001,0.05,35,1.04072637847552,0.00500000000000001,5.74141694459063,1.02397136937367,1.14828338891812,0.204794273874734,0.0150758823403123,0.948283388918125,0.036640728741562,0,0.962798424686131,0.96077440316487,0.995009990004999,0.00479427387473382,0.000195736120267181,0,0.962798424686131,0.958901804770974,0.966422432225504
"62",5,0.001,0.1,35,1.03799040462813,0.00500000000000001,5.53517872752384,1.02303489939179,1.10703574550477,0.204606979878358,0.0219568862795708,0.907035745504767,0.0710073682156618,0,0.927398529554026,0.92324061133614,0.995009990004999,0.00460697987835818,0.000383030116642828,0,0.927398529554026,0.922137236768447,0.932409243600799
"63",5,0.001,0.15,35,1.04078681772918,0.00500000000000001,5.44026446417001,1.02230501587888,1.088052892834,0.204461003175776,0.011913618408837,0.888052892834001,0.100033488757162,0,0.898760381054869,0.893986821718818,0.995009990004999,0.00446100317577608,0.00052900681922492,0,0.898760381054869,0.892681606618696,0.904605783448781
"64",5,0.01,0.05,35,1.06602576204427,0.05,5.80135298629459,1.23531642392995,1.16027059725892,0.24706328478599,0.00188368343301589,0.960270597258919,0.0378457193080655,0,0.962082856797457,0.960280202080638,0.9509900499,0.04706328478599,0.00194666531401,0,0.962082856797457,0.958152378173774,0.965741187455811
"65",5,0.01,0.1,35,1.08199700244683,0.05,5.6566992427957,1.22774756737645,1.13133984855914,0.24554951347529,0.00226786684007248,0.93133984855914,0.0663922846007875,0,0.933456804292234,0.92939318204468,0.9509900499,0.04554951347529,0.00346043662471,0,0.933456804292234,0.928394516750158,0.938264828120004
"66",5,0.01,0.15,35,1.04299833167066,0.05,5.45021244835339,1.2179232604746,1.09004248967068,0.24358465209492,0.0018706547201102,0.890042489670677,0.108086855609213,0,0.89171057226165,0.889302111224145,0.9509900499,0.04358465209492,0.00542529800508,0,0.89171057226165,0.885455607900022,0.897736364241297
"67",5,0.05,0.05,35,1.20453289987589,0.25,5.84654668212493,2.09320834765625,1.16930933642499,0.41864166953125,0.000299491503362256,0.969309336424986,0.0303911720716516,0,0.969599723303778,0.966504180129603,0.7737809375,0.21864166953125,0.00757739296875,0,0.969599723303778,0.966044973428637,0.972877365322073
"68",5,0.05,0.1,35,1.06966615022729,0.25,5.6599291236099,2.0568855428125,1.13198582472198,0.4113771085625,0.000371644024711853,0.931985824721978,0.0676425312533098,0,0.932332320457922,0.934391232226506,0.7737809375,0.2113771085625,0.0148419539375,0,0.932332320457922,0.927232260426993,0.937178802408778
"69",5,0.05,0.15,35,1.14261106694522,0.25,5.52071375484246,2.01938602953125,1.10414275096849,0.40387720590625,0.000346219209132112,0.904142750968492,0.0955110298223759,0,0.904455890971759,0.901237957814674,0.7737809375,0.20387720590625,0.02234185659375,0,0.904455890971758,0.898525899965649,0.910149108700964
"70",5,0.1,0.05,35,1.30938602243528,0.499999999999999,5.86434837206237,2.98755915,1.17286967441247,0.59751183,0.000114025409828581,0.972869674412473,0.0270163001776981,0,0.972980618926302,0.970701155038949,0.59049,0.397511829999999,0.01199817,0,0.972980618926302,0.969611673751305,0.976070149202841
"71",5,0.1,0.1,35,1.36453417241237,0.499999999999999,5.72089669337332,2.917465565,1.14417933867466,0.583493113,8.13679516999115e-05,0.944179338674663,0.0557392933736368,0,0.944256170865167,0.936468249859588,0.59049,0.383493112999999,0.026016887,0,0.944256170865166,0.939578513534511,0.94867293188855
"72",5,0.1,0.15,35,1.21851779033688,0.499999999999999,5.52326623501544,2.853584475,1.10465324700309,0.570716895,0.000188741791162153,0.904653247003088,0.0951580112057497,0,0.904824025110274,0.905269456179336,0.59049,0.370716894999999,0.038793105,0,0.904824025110274,0.898903860683534,0.910507196132911
"73",5,0.15,0.05,35,1.25769456110642,0.749999999999999,5.85035792665965,3.70554388046875,1.17007158533193,0.74110877609375,9.6295643335668e-05,0.970071585331931,0.0298321190247332,0,0.970165007995518,0.972701678179787,0.4437053125,0.54110877609375,0.01518591140625,0,0.970165007995518,0.966640505383394,0.973412021036464
"74",5,0.15,0.1,35,1.2558757088222,0.749999999999999,5.72196902841865,3.639242246875,1.14439380568373,0.727848449375,0.00015669805282853,0.944393805683731,0.0554494962634402,0,0.944541813546729,0.948864803557916,0.4437053125,0.527848449375,0.028446238125,0,0.944541813546729,0.939874919829604,0.948947634138343
"75",5,0.15,0.15,35,1.44102330366095,0.749999999999999,5.62191624860498,3.55209763234375,1.124383249721,0.71041952646875,5.13958638293694e-05,0.924383249720995,0.0755653544151759,0,0.92443076163854,0.917534425436608,0.4437053125,0.51041952646875,0.04587516103125,0,0.924430761638539,0.919075811379176,0.929536930994771
"76",6,0.001,0.05,35,1.16499379044792,0.00599999999999999,6.69739030466382,1.03445558019536,1.11623171744397,0.172409263365893,0.016999495804154,0.949565050777304,0.0334354534185419,0,0.9659863313642,0.959494991430787,0.994014980014994,0.00574259669922642,0.000242423285779577,0,0.9659863313642,0.96224518850443,0.969452774787227
"77",6,0.001,0.1,35,1.17773276715414,0.00599999999999999,6.55787651636683,1.03323714102869,1.09297941939447,0.172206190171448,0.0118777786002041,0.926312752727804,0.0618094686719923,0,0.937447547142061,0.925564746426766,0.994014980014994,0.0055395235047812,0.000445496480224795,0,0.937447547142061,0.932522604183924,0.942115786190736
"78",6,0.001,0.15,35,1.15960454159875,0.00599999999999999,6.34576773848416,1.03176068764417,1.05762795641403,0.171960114607361,0.00994380453712723,0.890961289747359,0.0990949057155141,0,0.899909817069338,0.884449501247404,0.994014980014994,0.0052934479406943,0.000691572044311696,0,0.899909817069338,0.893860588937604,0.905724987381878
"79",6,0.01,0.05,35,1.14415568855746,0.06,6.756276800124,1.33596009089695,1.126046133354,0.222660015149492,0.00196387537580909,0.959379466687334,0.0386566579368566,0,0.961267275819888,0.956826579522786,0.941480149401,0.0559933484828256,0.0025265021161744,0,0.961267275819888,0.957298643323742,0.964964288040012
"80",6,0.01,0.1,35,1.18782744948215,0.06,6.58803383587544,1.32377175181058,1.09800563931257,0.220628625301763,0.00163402689248317,0.931338972645907,0.06702700046161,0,0.932863296359168,0.922113745724751,0.941480149401,0.0539619586350967,0.0045578919639033,0,0.932863296359168,0.92778102312656,0.937691667859154
"81",6,0.01,0.15,35,1.22610835938424,0.06,6.41927434838886,1.31123810506209,1.06987905806481,0.218539684177015,0.00211746983394642,0.903212391398143,0.0946701387679108,0,0.905128974697897,0.886417463123777,0.941480149401,0.051873017510348,0.006646833088652,0,0.905128974697897,0.89921697013599,0.910803803482248
"82",6,0.05,0.05,35,1.27986637833279,0.3,6.82022534927704,2.53469544235,1.13670422487951,0.422449240391667,0.000336590490057855,0.970037558212839,0.0296258512971029,0,0.970364173565554,0.9655520713521,0.735091890625,0.255782573725,0.00912553565,0,0.970364173565554,0.966850402902311,0.973600319812318
"83",6,0.05,0.1,35,1.27618172634366,0.3,6.61954830392537,2.47516936141563,1.10325805065423,0.412528226902604,0.000293265625935257,0.936591383987561,0.0631153503865034,0,0.936866134620948,0.928101298280378,0.735091890625,0.245861560235938,0.0190465491390625,0,0.936866134620948,0.931920851748138,0.941555069807459
"84",6,0.05,0.15,35,1.31074273932669,0.3,6.47349020078361,2.42842613502813,1.07891503346394,0.404737689171354,0.000204763015737386,0.912248366797269,0.0875468701869939,0,0.912435199780441,0.898692845101537,0.735091890625,0.238071022504688,0.0268370868703125,0,0.912435199780441,0.906724290248808,0.917904556027393
"85",6,0.1,0.05,35,1.39157949262756,0.6,6.83967901116574,3.7274728288,1.13994650186096,0.621245471466666,9.69564941957672e-05,0.97327983519429,0.026623208311514,0,0.973374210145246,0.970163426164048,0.531441,0.4545788048,0.0139801952,0,0.973374210145246,0.970027703416671,0.976441029275152
"86",6,0.1,0.1,35,1.36346019775261,0.6,6.66007017915311,3.6399217438,1.11001169652552,0.606653623966666,0.000116539015914953,0.943345029858851,0.0565384311252342,0,0.943454979173684,0.939021462185125,0.531441,0.4399869573,0.0285720427,0,0.943454979173684,0.93874730676993,0.947902250786576
"87",6,0.1,0.15,35,1.44540509591971,0.6,6.48836016940598,3.5381839288,1.08139336156766,0.589697321466666,8.86506482992191e-05,0.914726694900996,0.0851846544507045,0,0.914807793204933,0.902833271370308,0.531441,0.4230306548,0.0455283452,0,0.914807793204933,0.909164614356793,0.920207993590011
"88",6,0.15,0.05,35,1.64855381020512,0.9,6.87172580065069,4.64170946874063,1.14528763344178,0.773618244790104,4.06853702545866e-05,0.978620966775115,0.0213383478546304,0,0.978660783951464,0.97447396020328,0.377149515625,0.606951578123437,0.0158989062515625,0,0.978660783951464,0.975635002758576,0.98140310331472
"89",6,0.15,0.1,35,1.62383371902496,0.9,6.73229113732627,4.54156185916563,1.12204852288771,0.756926976527604,4.14618402721716e-05,0.955381856221045,0.0445766819386832,0,0.955421469753416,0.947675765963696,0.377149515625,0.590260309860937,0.0325901745140625,0,0.955421469753416,0.951191848801124,0.959383208952835
"90",6,0.15,0.15,35,1.60363832949466,0.9,6.59703513291197,4.4482983968125,1.09950585548533,0.741383066135417,4.32172874544063e-05,0.932839188818662,0.0671175938938837,0,0.932879505340405,0.922719679740556,0.377149515625,0.57471639946875,0.04813408490625,0,0.932879505340405,0.927797776460279,0.937707322605027
"91",7,0.001,0.05,35,1.18157807542169,0.00700000000000001,7.60194443912336,1.04652950932075,1.08599206273191,0.149504215617249,0.0185869351528266,0.943134919874766,0.0382781449724072,0,0.960996907068516,0.952434368565537,0.993020965034979,0.00664707276010658,0.000331962204914421,0,0.960996907068516,0.957015726881731,0.964706641541909
"92",7,0.001,0.1,35,1.06506592627158,0.00700000000000001,7.37923575156066,1.04471656555019,1.05417653593724,0.149245223650027,0.00986462156765215,0.911319393080094,0.078815985352254,0,0.920398778723531,0.915324371478462,0.993020965034979,0.00638808079288406,0.000590954172136945,0,0.920398778723531,0.914920303133492,0.925630909272716
"93",7,0.001,0.15,35,1.06431617577832,0.00700000000000001,7.097696885253,1.0427426988252,1.01395669789329,0.148963242689315,0.0128925334570083,0.871099555036143,0.116007911506849,0,0.882476918229454,0.8749203668954,0.993020965034979,0.006106099832172,0.000872935132849003,0,0.882476918229454,0.876003357672873,0.888726792427337
"94",7,0.01,0.05,35,1.13203510332648,0.07,7.71437531902079,1.45492829094326,1.10205361700297,0.20784689870618,0.00148213753294205,0.959196474145826,0.0393213883212315,0,0.960620245466536,0.956651044007104,0.932065347906991,0.0649897558490375,0.00294489624397261,0,0.960620245466536,0.956621666502722,0.964347621610507
"95",7,0.01,0.1,35,1.12693629627003,0.07,7.46198656749587,1.43656439590072,1.06599808107084,0.205223485128674,0.00155779410817686,0.923140938213695,0.0753012676781279,0,0.924581245430358,0.918034321956118,0.932065347906991,0.0623663422715313,0.00556830982147879,0,0.924581245430358,0.919230986921745,0.929682631979311
"96",7,0.01,0.15,35,1.06136542569418,0.07,7.19059820027278,1.41982480614035,1.02722831432468,0.202832115162907,0.00151361790013898,0.88437117146754,0.114115210632321,0,0.885711800703449,0.882833288432113,0.932065347906991,0.0599749723057636,0.00795967978724643,0,0.885711800703449,0.879313331376554,0.891884663423636
"97",7,0.05,0.05,35,1.16545291109611,0.35,7.74831394899292,3.03665899438149,1.10690199271327,0.433808427768784,0.000455348334490758,0.964044849856132,0.0354998018093773,0,0.964484026051037,0.964492067279427,0.69833729609375,0.290951284911641,0.0107114189946094,0,0.964484026051037,0.960668641068201,0.968025699010709
"98",7,0.05,0.1,35,1.23893852123318,0.35,7.47582119237189,2.94361028026156,1.06797445605313,0.420515754323081,0.000265478032446747,0.925117313195984,0.0746172087715689,0,0.925362976738348,0.92042737756613,0.69833729609375,0.277658611465938,0.0240040924403125,0,0.925362976738348,0.920037188051808,0.930439420270121
"99",7,0.05,0.15,35,1.29708130776549,0.35,7.34195791932324,2.89033380082422,1.04885113133189,0.412904828689174,0.000182881532108461,0.905993988474748,0.0938231299931431,0,0.906159708350546,0.895197458403595,0.69833729609375,0.270047685832031,0.0316150180742188,0,0.906159708350546,0.900275418566668,0.911806205743652
"100",7,0.1,0.05,35,1.4125391875321,0.7,7.77547147155188,4.52779920262,1.11078163879313,0.646828457517143,8.88230577137943e-05,0.967924495935983,0.0319866810063031,0,0.968010477586501,0.966011730925118,0.4782969,0.50397131466,0.01773178534,0,0.968010477586501,0.964372315445209,0.971372597494348
"101",7,0.1,0.1,35,1.37626666258252,0.7,7.55855975221083,4.41769409765,1.07979425031583,0.631099156807143,9.83414717662347e-05,0.93693710745869,0.0629645510695436,0,0.937029256294842,0.935861822461856,0.4782969,0.48824201395,0.03346108605,0,0.937029256294842,0.932089668346617,0.941712396640035
"102",7,0.1,0.15,35,1.56725432970986,0.7,7.47266531470228,4.31833422627,1.06752361638604,0.616904889467143,4.88076984884275e-05,0.924666473528898,0.0752847187726137,0,0.92471160657418,0.908654264484915,0.4782969,0.47404774661,0.04765535339,0,0.92471160657418,0.919365417299355,0.9298088450001
"103",7,0.15,0.05,35,1.80467467787263,1.05,7.84705771878251,5.62209546890547,1.12100824554036,0.803156495557924,2.4235626398243e-05,0.978151102683215,0.0218246616903867,0,0.978174809362447,0.971853232076629,0.32057708828125,0.660299352700782,0.0191235590179687,0,0.978174809362447,0.975117877406568,0.980948636764914
"104",7,0.15,0.1,35,1.59144774386813,1.05,7.63986035897485,5.50110284181742,1.09140862271069,0.785871834545346,4.17867666308009e-05,0.948551479853551,0.0514067333798185,0,0.948591118409244,0.946413022871948,0.32057708828125,0.643014691688203,0.0364082200305469,0,0.948591118409244,0.944080509634824,0.952838137948324
"105",7,0.15,0.15,35,1.38828009083925,1.05,7.36858847885298,5.38332164187531,1.052655496979,0.769045948839331,9.94084289942529e-05,0.909798354121854,0.0901022374491518,0,0.909888804738493,0.921648056286628,0.32057708828125,0.626188805982188,0.0532341057365625,0,0.909888804738493,0.904106558951729,0.915431024744315
"106",8,0.001,0.05,35,1.25675897475609,0.00799999999999999,8.60813057001545,1.06058526797646,1.07601632125193,0.132573158497058,0.010137282929365,0.951016321251931,0.0388463958187039,0,0.960755774362667,0.949963041341163,0.992027944069944,0.00757315849705781,0.000398897432998156,0,0.960755774362666,0.95676344484247,0.964476813705375
"107",8,0.001,0.1,35,1.18746460769304,0.00799999999999999,8.2564110734326,1.05778727263551,1.03205138417907,0.132223409079439,0.0149403174532901,0.907051384179076,0.0780082983676348,0,0.920808556324266,0.906091119130949,0.992027944069944,0.00722340907943893,0.000748646850617044,0,0.920808556324266,0.915342446934325,0.926028073438563
"108",8,0.001,0.15,35,1.13850657269458,0.00799999999999999,7.99812048168109,1.05545301602855,0.999765060210136,0.131931627003568,0.0101043465231377,0.874765060210137,0.115130593266725,0,0.883694212756318,0.869490513411333,0.992027944069944,0.00693162700356822,0.00104042892648775,0,0.883694212756318,0.877248726250164,0.889915290512955
"109",8,0.01,0.05,35,1.30673484903025,0.08,8.71621787941343,1.59088430504685,1.08952723492668,0.198860538130856,0.00106340960675573,0.964527234926678,0.034409355466566,0,0.96555401434137,0.956057808378528,0.92274469442792,0.0738605381308561,0.00339476744122372,0,0.96555401434137,0.96179132234014,0.969042291808884
"110",8,0.01,0.1,35,1.25032448887373,0.08,8.40001456212123,1.56332215792189,1.05000182026515,0.195415269740236,0.00104660131627634,0.925001820265154,0.0739515784185694,0,0.925970942672589,0.911461927680009,0.92274469442792,0.0704152697402361,0.0068400358318438,0,0.925970942672589,0.920664298319992,0.931027873651119
"111",8,0.01,0.15,35,1.21011678703462,0.08,8.13937582304577,1.54237034610958,1.01742197788072,0.192796293263698,0.00109107616552403,0.892421977880722,0.106486945953754,0,0.893396741772026,0.877561647859167,0.92274469442792,0.0677962932636979,0.00945901230838201,0,0.893396741772026,0.887183153593045,0.899380154047253
"112",8,0.05,0.05,35,1.36065797531785,0.4,8.7172916384564,3.58379102509203,1.08966145480705,0.447973878136504,0.000278097426192986,0.964661454807049,0.0350604477667574,0,0.964929799300692,0.959576599891248,0.663420431289063,0.322973878136504,0.0136056905744336,0,0.964929799300692,0.961136257606805,0.968449336738346
"113",8,0.05,0.1,35,1.42447197330727,0.4,8.49546875630475,3.48663637717878,1.06193359453809,0.435829547147348,0.0001471360332146,0.936933594538095,0.0629192694286908,0,0.937071471517252,0.923494995069934,0.663420431289063,0.310829547147348,0.0257500215635899,0,0.937071471517252,0.932133358869672,0.941753110700522
"114",8,0.05,0.15,35,1.28476907914771,0.4,8.14241963476606,3.38420578208003,1.01780245434576,0.423025722760004,0.000268847508024068,0.892802454345758,0.106928698146218,0,0.893042546608973,0.885453992057241,0.663420431289063,0.298025722760004,0.0385538459509336,0,0.893042546608973,0.886820228036742,0.89903490012369
"115",8,0.1,0.05,35,1.60904906673365,0.8,8.77191293154976,5.40079074632,1.09648911644372,0.67509884329,6.49237978725595e-05,0.97148911644372,0.0284459597584075,0,0.971552193301941,0.965877387481061,0.43046721,0.55009884329,0.01943394671,0,0.971552193301941,0.968103276700452,0.974722677058869
"116",8,0.1,0.1,35,1.63665232461857,0.8,8.57319890405651,5.265515592272,1.07164986300706,0.658189449034,5.58133484305246e-05,0.946649863007063,0.0532943236445064,0,0.946702701654811,0.936187447669168,0.43046721,0.533189449034,0.036343340966,0,0.946702701654811,0.942118330206023,0.951024659565545
"117",8,0.1,0.15,35,1.46961673914835,0.8,8.31052823424321,5.14570848436,1.0388160292804,0.643213560545,0.000112208898444917,0.913816029280401,0.0860717618211547,0,0.913918579077427,0.909892405922756,0.43046721,0.518213560545,0.051319229455,0,0.913918579077427,0.90824986994623,0.919344844108902
"118",8,0.15,0.05,35,1.90613913018666,1.2,8.83772248502982,6.66825356409803,1.10471531062873,0.833531695512254,2.12143666007121e-05,0.979715310628727,0.0202634750046727,0,0.979736095109421,0.973914044968689,0.272490525039063,0.708531695512254,0.0189777794486836,0,0.979736095109421,0.976780615031893,0.982407313496158
"119",8,0.15,0.1,35,1.55281625710826,1.2,8.53176600015736,6.51281231961212,1.06647075001967,0.814101539951516,6.3649425689321e-05,0.941470750019671,0.05846560055464,0,0.941530677906588,0.947206275201455,0.272490525039063,0.689101539951515,0.0384079350094219,0,0.941530677906588,0.936751946412488,0.946050196223852
"120",8,0.15,0.15,35,1.9124112858084,1.2,8.53477511395148,6.39410033843912,1.06684688924394,0.799262542304891,2.06823647348062e-05,0.941846889243936,0.0581324283913297,0,0.941866369267717,0.926809293227547,0.272490525039063,0.67426254230489,0.0532469326560469,0,0.941866369267717,0.937099931118758,0.946373387309644
"121",9,0.001,0.05,35,1.11954516424305,0.00899999999999998,9.49934972864775,1.07677028258029,1.05548330318308,0.119641142508921,0.0127530680508489,0.944372192071972,0.0428747398771787,0,0.956571412389675,0.951578713183502,0.991035916125873,0.00853003139780971,0.000434052476316199,0,0.956571412389674,0.952391507752928,0.96048270528897
"122",9,0.001,0.1,35,1.18342545899718,0.00899999999999998,9.15409268439944,1.07267790120005,1.01712140937772,0.119186433466673,0.00999660800611468,0.906010298266605,0.0839930937272808,0,0.915158781872336,0.900853056369802,0.991035916125873,0.00807532235556158,0.000888761518564333,0,0.915158781872336,0.909525729088424,0.920548645193622
"123",9,0.001,0.15,35,1.22217710126504,0.00899999999999998,8.90337625934668,1.0695971782153,0.989264028816298,0.118844130912811,0.00870665398735692,0.878152917705187,0.113140428307456,0,0.88586584509767,0.862667051121728,0.991035916125873,0.00773301980170003,0.00123106407242587,0,0.88586584509767,0.879470990809962,0.892035001292971
"124",9,0.01,0.05,35,1.30950822493086,0.0900000000000001,9.65616036525079,1.74155864211209,1.07290670725009,0.193506515790233,0.00136603271729206,0.961795596138977,0.0368383711437308,0,0.96311123759993,0.952738000140962,0.913517247483641,0.0823954046791217,0.00408734783723736,0,0.96311123759993,0.95922953442201,0.966720124946184
"125",9,0.01,0.1,35,1.26717581574972,0.0900000000000001,9.3378590965492,1.71067983952196,1.03753989961658,0.190075537724662,0.00113597526009848,0.926428788505467,0.0724352362344344,0,0.927482385549629,0.913065603440572,0.913517247483641,0.0789644266135511,0.007518325902808,0,0.927482385549629,0.922223774293928,0.932490367202422
"126",9,0.01,0.15,35,1.23226423664973,0.0900000000000001,9.04534401410061,1.68330228855832,1.00503822378896,0.187033587617591,0.0014281594143696,0.893927112677846,0.104644727907785,0,0.89520560899613,0.877891536721363,0.913517247483641,0.0759224765064798,0.0105602760098793,0,0.89520560899613,0.889036934489727,0.901143030407531
"127",9,0.05,0.05,35,1.45041146962585,0.45,9.691447325685,4.19030149932287,1.07682748063167,0.465589055480318,0.000119991605916629,0.965716369520556,0.0341636388735276,0,0.965832261284634,0.958694735565376,0.630249409724609,0.354477944369207,0.0152726459061834,0,0.965832261284634,0.962083421268511,0.969306503470702
"128",9,0.05,0.1,35,1.40187932154931,0.45,9.3781448877697,4.06511564304898,1.04201609864108,0.451679515894332,0.000159295326512321,0.930904987529967,0.068935717143521,0,0.931053299969386,0.921076027301443,0.630249409724609,0.34056840478322,0.0291821854921703,0,0.931053299969386,0.925910750365908,0.935943050392327
"129",9,0.05,0.15,35,1.42862966409105,0.45,9.10711234300141,3.94256752326403,1.0119013714446,0.438063058140448,0.000154651408057055,0.90079026033349,0.0990550882584531,0,0.9009295903632,0.884249966405253,0.630249409724609,0.326951947029336,0.0427986432460539,0,0.9009295903632,0.894906775672732,0.906717738553436
"130",9,0.1,0.05,35,1.48496077681001,0.9,9.71622805835996,6.3351809965927,1.07958089537333,0.703908999621411,0.000115725459032372,0.968469784262219,0.0314144902787487,0,0.96858187384418,0.967707665479363,0.387420489,0.5927978885103,0.0197816224897,0,0.96858187384418,0.96497343242702,0.971913891120353
"131",9,0.1,0.1,35,1.56139805314951,0.9,9.44820126597393,6.1584407307712,1.04980014066377,0.684271192307911,8.01696760784481e-05,0.938689029552659,0.0612308007712622,0,0.938764289981701,0.935650100770021,0.387420489,0.5731600811968,0.0394194298032,0,0.938764289981701,0.933885844222298,0.943385224122873
"132",9,0.1,0.15,35,1.51152667446063,0.9,9.21996873053389,6.0134476276279,1.02444097005932,0.668160847514211,9.97538119950683e-05,0.913329858948209,0.0865703872397958,0,0.913420976172539,0.909350911025002,0.387420489,0.5570497364031,0.0555297745969,0,0.913420976172539,0.907738056999426,0.918861750155073
"133",9,0.15,0.05,35,1.96433256402516,1.35,9.80566867806466,7.7394483408141,1.08951874200718,0.8599387045349,2.26663377595292e-05,0.978407630896073,0.0215697027661675,0,0.978429808316582,0.974549854791286,0.231616946283203,0.748827593423789,0.0195554602930078,0,0.978429808316582,0.975389174910493,0.981187150011068
"134",9,0.15,0.1,35,1.87804666715083,1.35,9.56776153078831,7.55966938285335,1.06308461453203,0.839963264761484,3.16016239301788e-05,0.951973503420924,0.0479948949551462,0,0.952003588280301,0.948553133915165,0.231616946283203,0.728852153650372,0.0395309000664246,0,0.952003588280301,0.947630439554958,0.956111011766519
"135",9,0.15,0.15,35,1.81547533934098,1.35,9.35147771623197,7.39375447589873,1.03905307958133,0.821528275099859,3.25508518750313e-05,0.92794196847022,0.0720254806779053,0,0.927972174755024,0.924561207528382,0.231616946283203,0.710417163988747,0.0579658897280496,0,0.927972174755024,0.922729265375213,0.932964157368511
"136",10,0.001,0.05,35,1.19629139213929,0.01,10.4756164470131,1.09447548656878,1.04756164470131,0.109447548656878,0.00949906418556356,0.947561644701315,0.042939291113121,0,0.956648914139779,0.949014060697598,0.990044880209749,0.00944754865687787,0.000507571133373915,0,0.956648914139779,0.952472387322568,0.960556779934137
"137",10,0.001,0.1,35,1.39669335626065,0.01,10.1951262864893,1.089724448836,1.01951262864893,0.1089724448836,0.0111978774548103,0.919512628648931,0.0692894938962585,0,0.929925824068918,0.901289494515778,0.990044880209749,0.00897244488360005,0.000982674906651741,0,0.929925824068919,0.924746227690452,0.934853307065927
"138",10,0.001,0.15,35,1.23525381184676,0.01,9.75008093452773,1.08546772517791,0.975008093452773,0.108546772517791,0.00786159013968399,0.875008093452773,0.117130316407543,0,0.881941556497109,0.858530354015437,0.990044880209749,0.00854677251779095,0.00140834727246083,0,0.881941556497109,0.875455718002669,0.888204026262059
"139",10,0.01,0.05,35,1.35375503982791,0.1,10.6050224714402,1.90847647892456,1.06050224714402,0.190847647892456,0.00076125571616024,0.960502247144021,0.0387364971398184,0,0.96123399201501,0.950111058160083,0.904382075008805,0.0908476478924563,0.00477027709873927,0,0.96123399201501,0.957263812160234,0.964932573093067
"140",10,0.01,0.1,35,1.32338669061099,0.1,10.2402156273704,1.86628253572941,1.02402156273704,0.186628253572941,0.000690354654014821,0.92402156273704,0.0752880826089457,0,0.924659906006532,0.905983408246072,0.904382075008805,0.0866282535729406,0.00898967141825497,0,0.924659906006532,0.919312102353363,0.929758790098847
"141",10,0.01,0.15,35,1.3394142266893,0.1,9.93781765474684,1.82955340243583,0.993781765474684,0.182955340243583,0.00150405112653637,0.893781765474683,0.104714183398781,0,0.895128083877633,0.867571015070883,0.904382075008805,0.0829553402435831,0.0126625847476125,0,0.895128083877633,0.888957473103137,0.901067487737882
"142",10,0.05,0.05,35,1.53935981615533,0.5,10.6613749730705,4.84042402485271,1.06613749730705,0.484042402485271,0.000156283752946749,0.966137497307052,0.0337062189400009,0,0.966288512502215,0.957083868513426,0.598736939238379,0.38404240248527,0.0172206582763509,0,0.966288512502215,0.962562522878335,0.969739603169065
"143",10,0.05,0.1,35,1.42404982566338,0.5,10.3179413662153,4.70551805009919,1.03179413662153,0.470551805009919,0.000145740420643579,0.931794136621526,0.0680601229578304,0,0.931929956485395,0.923463536131605,0.598736939238379,0.370551805009918,0.0307112557517033,0,0.931929956485395,0.926816475945776,0.936790104085267
"144",10,0.05,0.15,35,1.47637093219914,0.5,10.0330690940839,4.55790264726935,1.00330690940839,0.455790264726935,0.000158065285717655,0.903306909408393,0.0965350253058889,0,0.903449713445481,0.886675848137188,0.598736939238379,0.355790264726934,0.0454727960346866,0,0.903449713445481,0.897492997403914,0.909170257673887
"145",10,0.1,0.05,35,1.79409357233747,1,10.7170220233547,7.2914699183562,1.07170220233547,0.72914699183562,4.76030366240064e-05,0.971702202335476,0.0282501946279002,0,0.971748460513031,0.96595450015844,0.3486784401,0.62914699183562,0.02217456806438,0,0.971748460513031,0.968310400018392,0.974907953903293
"146",10,0.1,0.1,35,1.78764899552695,1,10.497169024402,7.1098980121313,1.0497169024402,0.71098980121313,4.71761481761681e-05,0.949716902440204,0.0502359214116199,0,0.949761708539298,0.938077040328494,0.3486784401,0.61098980121313,0.04033175868687,0,0.949761708539298,0.945297631271951,0.953961465596473
"147",10,0.1,0.15,35,1.65185268572626,1,10.1673198112827,6.9360675185259,1.01673198112827,0.69360675185259,6.37948332384675e-05,0.916731981128272,0.0832042240384892,0,0.916790467623269,0.911388150491639,0.3486784401,0.59360675185259,0.05771480804741,0,0.916790467623269,0.911204857504574,0.922131906791648
"148",10,0.15,0.05,35,2.32816019458291,1.5,10.8290207957507,8.83016733895193,1.08290207957507,0.883016733895193,1.35376424368547e-05,0.982902079575073,0.0170843827824907,0,0.982915385932113,0.97496174711307,0.196874404340723,0.783016733895194,0.0201088617640836,0,0.982915385932113,0.980180207597379,0.985363845925296
"149",10,0.15,0.1,35,2.11276541787394,1.5,10.6196486896812,8.67408767104145,1.06196486896812,0.867408767104145,2.0707274256247e-05,0.961964868968116,0.0380144237576268,0,0.961984789050973,0.955527717273395,0.196874404340723,0.767408767104145,0.0357168285551321,0,0.961984789050973,0.958049698317503,0.965647795360218
"150",10,0.15,0.15,35,2.44974842665875,1.5,10.5898855664682,8.47831670625187,1.05898855664682,0.847831670625187,7.64558130902463e-06,0.95898855664682,0.0410037977718709,0,0.958995888727862,0.931151584094765,0.196874404340723,0.747831670625188,0.0552939250340896,0,0.958995888727862,0.954923340378445,0.962798277963008
"151",11,0.001,0.05,35,1.25483603826749,0.011,11.3929794203439,1.11341087818741,1.03572540184944,0.10121917074431,0.00894500508456662,0.944816310940351,0.046238683975082,0,0.953343977667932,0.941975762415273,0.989054835329539,0.0103100798352187,0.000635084835242825,0,0.953343977667932,0.949026385069475,0.957395001521111
"152",11,0.001,0.1,35,1.35739157556613,0.011,11.0452970487224,1.10764247895858,1.00411791352022,0.100694770814416,0.00930528364052699,0.91320882261113,0.0774858937483426,0,0.921786305641074,0.894064200946633,0.989054835329539,0.00978567990532551,0.00115948476513602,0,0.921786305641074,0.916349871691561,0.926975557110802
"153",11,0.001,0.15,35,1.21075579854549,0.011,10.5686215521859,1.10276104485955,0.960783777471446,0.100251004078141,0.00672909447808345,0.869874686562355,0.123396218959561,0,0.875767810902784,0.853519654597946,0.989054835329539,0.00934191316904997,0.00160325150141157,0,0.875767810902784,0.869143341077015,0.882172571708456
"154",11,0.01,0.05,35,1.31005568316516,0.11,11.5053822937274,2.08802045361781,1.04594384488431,0.189820041237982,0.000684449369094965,0.955034753975214,0.0442807966556904,0,0.955688874622501,0.94505351146533,0.895338254258716,0.0989109503288915,0.00575079541239193,0,0.955688874622501,0.951470747976858,0.959638949978945
"155",11,0.01,0.1,35,1.37357499199029,0.11,11.1568497835595,2.03780637052418,1.01425907123269,0.185255124593107,0.000661008384285982,0.923349980323593,0.0759890112921208,0,0.923960726110303,0.901437607559431,0.895338254258716,0.094346033684016,0.0103157120572674,0,0.923960726110303,0.918591159747918,0.92908179591497
"156",11,0.01,0.15,35,1.31480357487142,0.11,10.7258410223323,1.98993014168218,0.975076456575665,0.180902740152925,0.000991670667101741,0.884167365666575,0.114840963666324,0,0.885045038870687,0.859852361590572,0.895338254258716,0.0899936492438346,0.0146680964974489,0,0.885045038870687,0.878630963805647,0.891233903266513
"157",11,0.05,0.05,35,1.53005618428156,0.549999999999999,11.6287258914382,5.54656141659676,1.05715689922165,0.504232856054251,0.000229860677242447,0.96624780831256,0.0335223310101977,0,0.966469961752503,0.958543259731305,0.56880009227646,0.41332376514516,0.0178761425783799,0,0.966469961752503,0.962753107491461,0.969911797098457
"158",11,0.05,0.1,35,1.46583186091249,0.549999999999999,11.2373687845388,5.36873357766472,1.02157898041262,0.488066688878611,0.000190579688530622,0.930669889503524,0.0691395308079458,0,0.930847290090139,0.921052140447474,0.56880009227646,0.397157597969519,0.03404230975402,0,0.930847290090139,0.925697943091706,0.935743963271562
"159",11,0.05,0.15,35,1.46350857098393,0.549999999999999,10.8956732144141,5.2046983863847,0.990515746764915,0.473154398762245,0.000138916163547232,0.899606655855823,0.100254427980629,0,0.899731643123908,0.886468899938233,0.56880009227646,0.382245307853154,0.0489545998703859,0,0.899731643123908,0.893677819450285,0.905551515300953
"160",11,0.1,0.05,35,1.76767724860113,1.1,11.6697032809021,8.29522984034467,1.06088211644564,0.754111803667697,5.52405347161791e-05,0.969973025536552,0.0299717339287319,0,0.970026610325195,0.966500952914149,0.31381059609,0.663202712758607,0.022986691151393,0,0.970026610325195,0.966494673385708,0.973281151285088
"161",11,0.1,0.1,35,1.68458040499064,1.1,11.3627201087031,8.09212775410216,1.03297455533664,0.735647977645651,6.64175375115149e-05,0.942065464427552,0.057868118034937,0,0.942128038251873,0.93959318383926,0.31381059609,0.644738886736561,0.041450517173439,0,0.942128038251873,0.937371212484743,0.946625282540286
"162",11,0.1,0.15,35,1.66667259644233,1.1,11.0961379347235,7.91276762118774,1.00873981224759,0.719342511017067,6.9652842665107e-05,0.917830721338499,0.0820996258188359,0,0.917894655310508,0.915830842806781,0.31381059609,0.628433420107978,0.057755983802022,0,0.917894655310509,0.912341500152375,0.923202974764876
"163",11,0.15,0.05,35,2.22532825060333,1.65,11.7983611134643,9.95505985229074,1.07257828304221,0.90500544111734,1.61594581097919e-05,0.981669192133114,0.0183146484087765,0,0.981685055631647,0.977709415120366,0.167343243689614,0.814096350208249,0.0185604061021371,0,0.981685055631647,0.978862244075638,0.984222117990317
"164",11,0.15,0.1,35,2.61604190618799,1.65,11.6997193519724,9.74696405120789,1.06361085017931,0.886087641018899,8.65243825578039e-06,0.97270175927022,0.0272895882915245,0,0.972710175584955,0.954989608963663,0.167343243689614,0.795178550109808,0.0374782062005781,0,0.972710175584955,0.969325915547157,0.975815207556248
"165",11,0.15,0.15,35,1.97068880226052,1.65,11.2403259727433,9.53727265024542,1.02184781570393,0.867024786385947,2.5677176565226e-05,0.930938724794842,0.069035598028593,0,0.93096262928665,0.932095595928302,0.167343243689614,0.776115695476856,0.0565410608335297,0,0.93096262928665,0.92581708639107,0.935855428180786
"166",12,0.001,0.05,35,1.29962065271593,0.012,12.3972610878921,1.13511813315891,1.03310509065768,0.0945931777632428,0.00613622931869826,0.949771757324343,0.0440920133569591,0,0.955635757477372,0.943492318408054,0.988065780494209,0.0112598444299095,0.000674375075881628,0,0.955635757477372,0.95141534442934,0.959588152922872
"167",12,0.001,0.1,35,1.33292821786324,0.012,11.934483291614,1.12814544459435,0.99454027430117,0.0940121203828624,0.00798700759573293,0.911206940967837,0.0808060514364304,0,0.918543353710936,0.894803974767444,0.988065780494209,0.010678787049529,0.00125543245626205,0,0.918543353710936,0.913009399604953,0.923832081357686
"168",12,0.001,0.15,35,1.27807549514695,0.012,11.4698401444934,1.12192799054821,0.955820012041113,0.0934939992123507,0.00688242909334007,0.872486678707781,0.120630892198879,0,0.878533120616575,0.851389223575691,0.988065780494209,0.0101606658790173,0.00177355362677375,0,0.878533120616575,0.871970082405658,0.884874811271342
"169",12,0.01,0.05,35,1.4634837977585,0.12,12.5080371326058,2.28614534559604,1.04233642771715,0.190512112133003,0.000788657127503886,0.959003094383819,0.0402082484886779,0,0.9597600159611,0.943349538204813,0.886384871716129,0.10717877879967,0.00643634948420066,0,0.9597600159611,0.955722052370044,0.963527330203716
"170",12,0.01,0.1,35,1.3539592701278,0.12,12.0025069702519,2.22280263114878,1.00020891418766,0.185233552595732,0.000711337611073388,0.916875580854324,0.0824130815346031,0,0.917528253210054,0.896889532244315,0.886384871716129,0.101900219262399,0.0117149090214721,0,0.917528253210054,0.911964296832756,0.922847594520186
"171",12,0.01,0.15,35,1.40575777460196,0.12,11.6876111038161,2.17049973382086,0.973967591984672,0.180874977818405,0.000913820407465631,0.890634258651339,0.108451920941195,0,0.891448882832684,0.858526905337475,0.886384871716129,0.0975416444850717,0.0160734837987989,0,0.891448882832684,0.885187538800214,0.897481210176718
"172",12,0.05,0.05,35,1.61770875162062,0.6,12.5944563265167,6.28312164271121,1.04953802720972,0.523593470225934,0.000115989234183097,0.966204693876392,0.0336793168894255,0,0.966316776219243,0.957837048253246,0.540360087662637,0.440260136892601,0.0193797754447624,0,0.966316776219243,0.962592207775984,0.969766427027636
"173",12,0.05,0.1,35,1.61389126101854,0.6,12.1955391871562,6.05412533437337,1.01629493226302,0.504510444531114,0.000158675477972232,0.932961598929684,0.0668797255923438,0,0.933109660551072,0.916319710044346,0.540360087662637,0.421177111197781,0.0384628011395819,0,0.933109660551073,0.928035669925167,0.937929599213918
"174",12,0.05,0.15,35,1.68702128497278,0.6,11.9692875460243,5.8768137096685,0.997440628835357,0.489734475805709,0.000110626359009294,0.914107295502024,0.0857820781389664,0,0.914208431052127,0.88417287438278,0.540360087662637,0.406401142472375,0.0532387698649879,0,0.914208431052127,0.908548024498659,0.919626219352935
"175",12,0.1,0.05,35,1.86892037223231,1.2,12.6536809802986,9.3332846763778,1.05447341502489,0.777773723031483,4.41670535189841e-05,0.971140081691552,0.0288157512549288,0,0.971182975982029,0.967766128907507,0.282429536481,0.694440389698148,0.0231300738208521,0,0.971182975982029,0.96771374742541,0.974374023710243
"176",12,0.1,0.1,35,1.95502324661359,1.2,12.3996188502615,9.08086959775673,1.03330157085513,0.756739133146394,3.93186282385415e-05,0.949968237521796,0.0499924438499659,0,0.95000559043843,0.938452506128311,0.282429536481,0.673405799813059,0.0441646637059407,0,0.95000559043843,0.945551287784672,0.954195420368149
"177",12,0.1,0.15,35,2.06437341396967,1.2,12.2579333430161,8.89508301670256,1.02149444525134,0.741256918058546,2.67814724838333e-05,0.938161111918006,0.0618121066095101,0,0.938186237926922,0.916876624908337,0.282429536481,0.657923584725211,0.0596468787937886,0,0.938186237926922,0.933287305159416,0.942828013828289
"178",12,0.15,0.05,35,1.9928420434132,1.8,12.7013393944189,11.0726510255555,1.05844494953491,0.922720918796294,3.30994652413355e-05,0.975111616201578,0.0248552843331803,0,0.975143892942968,0.97858294274208,0.142241757136172,0.839387585462961,0.0183706574008671,0,0.975143892942968,0.97190057125929,0.97810628835327
"179",12,0.15,0.1,35,2.37502409970555,1.8,12.5867392894975,10.8661716766556,1.04889494079146,0.905514306387967,1.39502537548671e-05,0.965561607458123,0.0344244422881218,0,0.965575077475473,0.95852296366117,0.142241757136172,0.822180973054634,0.035577269809194,0,0.965575077475474,0.961813431872206,0.969062294678647
"180",12,0.15,0.15,35,2.58365487714069,1.8,12.4755877567423,10.6354053019198,1.03963231306186,0.886283775159984,8.41259017349033e-06,0.956298979728524,0.0436926076813029,0,0.956307024747603,0.936103439992383,0.142241757136172,0.802950441826651,0.0548078010371771,0,0.956307024747603,0.952115623123816,0.960229982680731
"181",13,0.001,0.05,35,1.26951371385068,0.013,13.314816668171,1.15828437623813,1.02421666678238,0.089098798172164,0.00624435654895053,0.947293589859304,0.046462053591745,0,0.953245997748104,0.942226624729402,0.987077714713715,0.012175721249087,0.000746564037198292,0,0.953245997748104,0.948924312849883,0.957301175652781
"182",13,0.001,0.1,35,1.30375016357842,0.013,12.7853230119692,1.14962481535018,0.98348638553609,0.08843267810386,0.0075007388003294,0.906563308613014,0.0859359525866571,0,0.913414592890696,0.890678461726774,0.987077714713715,0.0115096011807831,0.00141268410550218,0,0.913414592890696,0.907731491785059,0.91885555263963
"183",13,0.001,0.15,35,1.36351448623462,0.013,12.4207923545352,1.14311793223625,0.955445565733474,0.0879321486335579,0.00970620235318508,0.878522488810395,0.11177130883642,0,0.887133182998807,0.851944641878875,0.987077714713715,0.011009071710481,0.00191321357580432,0,0.887133182998807,0.880768207690808,0.893271707396189
"184",13,0.01,0.05,35,1.28870424723343,0.13,13.3533845044236,2.50038557941528,1.0271834234172,0.192337352262714,0.00080906343302152,0.950260346494122,0.0489305900728572,0,0.951029789920861,0.942319067040091,0.877521022998968,0.115414275339637,0.00706470166139474,0,0.951029789920861,0.946616845399988,0.955177620355444
"185",13,0.01,0.1,35,1.47124463337185,0.13,13.0694054954735,2.43574762808807,1.00533888426719,0.187365202160621,0.00085853979150345,0.928415807344112,0.0707256528643839,0,0.929213574172344,0.901723119687822,0.877521022998968,0.110442125237544,0.0120368517634884,0,0.929213574172344,0.924010767762997,0.934164700055535
"186",13,0.01,0.15,35,1.44144221438468,0.13,12.5175759060603,2.35300775659917,0.962890454312332,0.181000596661475,0.000760402644290296,0.885967377389254,0.113272219966455,0,0.886641581992739,0.849758238407894,0.877521022998968,0.104077519738398,0.0184014572626341,0,0.886641581992739,0.880264987356576,0.892792017770231
"187",13,0.05,0.05,35,1.70872556195484,0.65,13.5777057294177,7.04698474764832,1.0444389022629,0.542075749819101,0.000112009271200279,0.967515825339826,0.0323721653889739,0,0.967624208222185,0.955810348325595,0.513342083279505,0.465152672896024,0.0215052438244704,0,0.967624208222184,0.96396612073645,0.971006510907299
"188",13,0.05,0.1,35,1.4549898915366,0.65,13.0163057813862,6.82236546919696,1.00125429087586,0.524797343784381,0.00014615256789191,0.924331213952785,0.0755226334793236,0,0.924466327080417,0.920306135939292,0.513342083279505,0.447874266861304,0.0387836498591902,0,0.924466327080417,0.919112485130597,0.92957136660772
"189",13,0.05,0.15,35,1.62224144343669,0.65,12.7496644852194,6.58811943968534,0.980743421939957,0.506778418437334,0.000134397272712462,0.903820345016879,0.0960452577104088,0,0.903941832333835,0.883280281169531,0.513342083279505,0.429855341514256,0.0568025752062378,0,0.903941832333835,0.897998163245585,0.909649035467917
"190",13,0.1,0.05,35,1.9675903117017,1.3,13.6532972316986,10.4014159521575,1.05025363320758,0.80010891939673,3.53344862117891e-05,0.973330556284506,0.0266341092292826,0,0.973364949634898,0.969660542204517,0.2541865828329,0.723185842473653,0.0226275746934463,0,0.973364949634898,0.970017912903911,0.976432305194393
"191",13,0.1,0.1,35,2.03480833488675,1.3,13.3743650196877,10.1234823457675,1.02879730920674,0.778729411212888,3.14676641060564e-05,0.951874232283666,0.0480943000522281,0,0.951904186484867,0.940994514359308,0.2541865828329,0.701806334289811,0.0440070828772887,0,0.951904186484867,0.9475269540315,0.956015756145733
"192",13,0.1,0.15,35,2.17962660528973,1.3,13.1957856749306,9.88521826025569,1.01506043653312,0.760401404635053,2.43907441964149e-05,0.938137359610048,0.0618382496457558,0,0.938160242036526,0.916419994571971,0.2541865828329,0.683478327711976,0.0623350894551232,0,0.938160242036526,0.933260390697414,0.942802952457058
"193",13,0.15,0.05,35,2.03805229968604,1.95,13.6702849776534,12.1878402423829,1.05156038289642,0.937526172490991,2.73924708054789e-05,0.974637305973338,0.0253353015558562,0,0.974664004428625,0.978965389123698,0.120905493565746,0.860603095567915,0.018491410866339,0,0.974664004428625,0.971392318763812,0.977655101853353
"194",13,0.15,0.1,35,2.59574002144053,1.95,13.6199366668941,11.9586933821168,1.04768743591493,0.91989949093206,7.86726626047005e-06,0.970764358991856,0.0292277737418842,0,0.970771996313629,0.958914437343295,0.120905493565746,0.842976414008984,0.0361180924252698,0,0.970771996313629,0.967280325271682,0.973985766223139
"195",13,0.15,0.15,35,2.41848528128887,1.95,13.3227936063997,11.7453739673095,1.02483027741536,0.90349030517765,1.28719195999145e-05,0.947907200492282,0.0520799275881181,0,0.947919402034612,0.940248428587344,0.120905493565746,0.826567228254574,0.05252727817968,0,0.947919402034612,0.943382374393724,0.95219325912383
"196",14,0.001,0.05,35,1.47944564083664,0.014,14.3460457049383,1.18338747882433,1.02471755035274,0.0845276770588808,0.00655885434173924,0.953288978924167,0.0401521667340938,0,0.959582742360154,0.941747341655298,0.986090636999001,0.0130991056303094,0.000810257370689634,0,0.959582742360154,0.955536722173619,0.963358227045338
"197",14,0.001,0.1,35,1.47580143989847,0.014,13.8119061082469,1.17306256774641,0.986564722017638,0.0837901834104577,0.00792765806651897,0.915136150589067,0.0769361913444144,0,0.92244901093153,0.888725959700557,0.986090636999001,0.0123616119818862,0.00154775101911275,0,0.92244901093153,0.917032827712911,0.927617611400632
"198",14,0.001,0.15,35,1.40323423359376,0.014,13.2823048435918,1.16443740248264,0.948736060256558,0.0831741001773316,0.00590856423095062,0.877307488827987,0.116783946941063,0,0.88252192631484,0.844433260381269,0.986090636999001,0.0117455287487602,0.00216383425223882,0,0.88252192631484,0.876049399880222,0.888770739685451
"199",14,0.01,0.05,35,1.51543856040992,0.14,14.4252848890537,2.73286351395754,1.03037749207527,0.195204536711253,0.000659146268331452,0.958948920646694,0.0403919330849739,0,0.95958142516225,0.943024888530395,0.868745812768978,0.123775965282682,0.00747822194833996,0,0.95958142516225,0.955535345188092,0.963356970480714
"200",14,0.01,0.1,35,1.53384327795749,0.14,13.9684883653731,2.64773277275443,0.997749168955223,0.189123769482459,0.000464804775265467,0.926320597526652,0.0732145976980822,0,0.926751355982397,0.896696711448386,0.868745812768978,0.117695198053888,0.0135589891771339,0,0.926751355982397,0.921469434006736,0.931783091648296
"201",14,0.01,0.15,35,1.50802168047684,0.14,13.4266172315681,2.5592118002634,0.959044087969149,0.182800842875957,0.000638209692065633,0.887615516540577,0.111746273767358,0,0.88818236313305,0.848523569395608,0.868745812768978,0.111372271447386,0.0198819157836357,0,0.88818236313305,0.881842311053298,0.894295340857867
"202",14,0.05,0.05,35,1.76028403345902,0.7,14.5371904830019,7.85909350756209,1.03837074878585,0.561363821968721,0.00011033025322235,0.966942177357281,0.0329474923894963,0,0.967048872104219,0.956297722282493,0.48767497911553,0.48993525054015,0.0223897703443207,0,0.967048872104219,0.963361349294545,0.970460992486778
"203",14,0.05,0.1,35,1.69504791246137,0.7,14.0554208785201,7.58456339916287,1.00395863418,0.541754528511634,0.000104877581635633,0.932530062751435,0.0673650596669296,0,0.932627874507479,0.918022618280674,0.48767497911553,0.470325957083062,0.0419990638014082,0,0.932627874507479,0.927537704240513,0.937464286563523
"204",14,0.05,0.15,35,1.80783216625062,0.7,13.8302808724903,7.36056363440703,0.987877205177877,0.525754545314788,8.94159393847409e-05,0.916448633749306,0.0834619503113095,0,0.916530586192645,0.886792476193872,0.48767497911553,0.454325973886217,0.0579990469982538,0,0.916530586192645,0.910937378828953,0.921879778995072
"205",14,0.1,0.05,35,2.19692431057117,1.4,14.6616928558198,11.4596338179119,1.0472637754157,0.81854527270799,2.7127351914717e-05,0.975835203987129,0.0241376686609568,0,0.975861676530248,0.968731365125226,0.22876792454961,0.747116701279417,0.0241153741709727,0,0.975861676530248,0.97266133777692,0.978780580181941
"206",14,0.1,0.1,35,1.93729125526258,1.4,14.300090692133,11.2215963508092,1.02143504943807,0.801542596486372,6.04100006610988e-05,0.950006478009501,0.0499331119898381,0,0.950063871368598,0.946685243389834,0.22876792454961,0.730114025057799,0.041118050392591,0,0.950063871368598,0.945611908723856,0.954251324831166
"207",14,0.1,0.15,35,2.05039563550858,1.4,14.0475585908684,10.9164865750591,1.00339704220489,0.77974904107565,4.01467218598555e-05,0.931968470776317,0.0679913825018237,0,0.932005887757464,0.918427140408323,0.22876792454961,0.708320469647078,0.0629116058033125,0,0.932005887757464,0.926894936034824,0.936863460286907
"208",14,0.15,0.05,35,2.75441514724944,2.1,14.8183162447531,13.3142951177855,1.0584511603395,0.951021079841824,5.4932762170758e-06,0.987022588910933,0.0129719178128497,0,0.987028010928431,0.980341923966567,0.102769669530884,0.879592508413252,0.0176378220558636,0,0.987028010928431,0.984612761612092,0.989153058688484
"209",14,0.15,0.1,35,2.45051927477962,2.1,14.5134629717622,13.0860680259143,1.03667592655444,0.934719144708163,1.32608029252503e-05,0.96524735512587,0.0347393840712054,0,0.96526015525056,0.962172748694553,0.102769669530884,0.863290573279591,0.0339397571895245,0,0.96526015525056,0.961482901692788,0.968763187576765
"210",14,0.15,0.15,35,2.69383239313905,2.1,14.4054165126528,12.8551766444871,1.02895832233235,0.918226903177653,8.4068075328701e-06,0.957529750903775,0.0424618422886923,0,0.957537800739771,0.943791469138514,0.102769669530884,0.846798331749081,0.0504319987200347,0,0.957537800739771,0.953400265687015,0.961406108683492
"211",15,0.001,0.05,35,1.37737950045128,0.015,15.194978700398,1.20924759605178,1.01299858002654,0.0806165064034517,0.00564287526252905,0.94633191335987,0.0480252113776013,0,0.951702250446206,0.936516609416933,0.985104546362002,0.013949839736785,0.000945613901212996,0,0.951702250446206,0.947316737010504,0.955822227906369
"212",15,0.001,0.1,35,1.27424420947632,0.015,14.4609944664016,1.19731868826034,0.964066297760106,0.0798212458840229,0.00623375643474072,0.897399631093439,0.0963666124718202,0,0.903028893267603,0.883127129730322,0.985104546362002,0.0131545792173563,0.00174087442064174,0,0.903028893267603,0.897061057029136,0.908760809168357
"213",15,0.001,0.15,35,1.46869720517817,0.015,14.1843213948749,1.18770928943552,0.945621426324992,0.079180619295701,0.00620117920462885,0.878954759658325,0.114844061137046,0,0.884439326417059,0.840118933814241,0.985104546362002,0.0125139526290343,0.00238150100896367,0,0.884439326417059,0.878011132629065,0.890642669155551
"214",15,0.01,0.05,35,1.53781416234868,0.15,15.3861536965265,2.97920959716226,1.02574357976843,0.198613973144151,0.000562363760722208,0.959076913101767,0.0403607231375106,0,0.959616566683059,0.942873768128595,0.860058354641288,0.131947306477484,0.00799433888122762,0,0.959616566683059,0.955572082163065,0.963390493984788
"215",15,0.01,0.1,35,1.49487233588096,0.15,14.7976589867719,2.87597000162913,0.986510599118126,0.191731333441942,0.000707722955616826,0.91984393245146,0.0794483445929236,0,0.920495388168206,0.893691555896015,0.860058354641288,0.125064666775275,0.0148769785834362,0,0.920495388168206,0.915019824299112,0.925724548714583
"216",15,0.01,0.15,35,1.53266502217001,0.15,14.335557688162,2.77992199201953,0.955703845877465,0.185328132801302,0.00069713488015941,0.889037179210798,0.110265685909043,0,0.889657390409044,0.847935336407338,0.860058354641288,0.118661466134635,0.021280179224076,0,0.889657390409044,0.883352669155122,0.895734160477695
"217",15,0.05,0.05,35,1.86379686823809,0.749999999999999,15.5168110571445,8.68706982911796,1.0344540704763,0.579137988607864,8.41243900963367e-05,0.967787403809633,0.0321284718002709,0,0.967868825184245,0.954840596500289,0.463291230159753,0.512471321941197,0.0242374478990493,0,0.967868825184245,0.96422334063947,0.971238361969219
"218",15,0.05,0.1,35,1.90545563131632,0.749999999999999,15.1477193806877,8.40637795750854,1.00984795871251,0.560425197167236,7.66198329394283e-05,0.943181292045846,0.0567420881212143,0,0.943253563976338,0.919974776353176,0.463291230159753,0.493758530500569,0.0429502393396772,0,0.943253563976338,0.938538386213144,0.947708465419456
"219",15,0.05,0.15,35,1.87015812737737,0.749999999999999,14.6977304587436,8.10130521007698,0.979848697249572,0.540087014005132,7.30089583801924e-05,0.913182030582905,0.0867449604587149,0,0.913248705919666,0.88208051357048,0.463291230159753,0.473420347338465,0.0632884225017812,0,0.913248705919666,0.907560879942331,0.918694490169111
"220",15,0.1,0.05,35,2.18869087676473,1.5,15.640824596611,12.5567680857106,1.04272163977406,0.837117872380704,3.16834651383157e-05,0.976054973107397,0.0239133434274647,0,0.976085898890947,0.970208540481714,0.205891132094649,0.770451205714037,0.0236576621913138,0,0.976085898890947,0.97289912823738,0.97899107466411
"221",15,0.1,0.1,35,2.2638613396892,1.5,15.3339022467274,12.2353446294582,1.02226014978182,0.815689641963882,2.45209009191854e-05,0.955593483115157,0.0443819959839239,0,0.955616915702864,0.943224544605502,0.205891132094649,0.749022975297216,0.0450858926081352,0,0.955616915702864,0.951395691999159,0.959570133752206
"222",15,0.1,0.15,35,2.16990555592116,1.5,14.9939905475675,11.9459928038855,0.999599369837834,0.796399520259032,3.24622120270762e-05,0.932932703171167,0.0670348346168059,0,0.932962989213536,0.91893301168794,0.205891132094649,0.729732853592365,0.0643760143129858,0,0.932962989213536,0.92788406530416,0.937787950603265
"223",15,0.15,0.05,35,2.4058538773306,2.25,15.6866097225314,14.4395267814599,1.0457739815021,0.962635118763994,1.66498855429859e-05,0.979107314835429,0.0208760352790284,0,0.979123617131586,0.981726394675273,0.0873542191012516,0.895968452097328,0.0166773288014207,0,0.979123617131586,0.976127857662413,0.981835572129029
"224",15,0.15,0.1,35,2.74311336017576,2.25,15.565041675585,14.2019450080608,1.037669445039,0.946796333870717,8.54062212911526e-06,0.971002778372332,0.0289886810055392,0,0.971011071410976,0.964371594790394,0.0873542191012516,0.88012966720405,0.032516113694698,0,0.971011071410976,0.967532434405089,0.974211644683906
"225",15,0.15,0.15,35,2.6265945200469,2.25,15.2748162675891,13.9848650237706,1.01832108450594,0.932324334918039,1.10589315878731e-05,0.951654417839274,0.0483345232291383,0,0.951664942236765,0.948514403253907,0.0873542191012516,0.865657668251372,0.0469881126473763,0,0.951664942236765,0.94727790108492,0.955786470836395
"226",16,0.001,0.05,35,1.64218546723846,0.016,16.235393051275,1.23667876267135,1.01471206570469,0.0772924226669596,0.00814532122931409,0.952212065704689,0.0396426130659964,0,0.96003183337792,0.931480020741842,0.98411944181564,0.0147924226669597,0.00108813551740031,0,0.96003183337792,0.956006262465303,0.96378658023977
"227",16,0.001,0.1,35,1.57758665660627,0.016,15.6802110896112,1.22442249727194,0.9800131931007,0.076526406079496,0.00517581003490905,0.917513193100699,0.0773109968643921,0,0.922286774241884,0.883243895879555,0.98411944181564,0.0140264060794961,0.00185415210486392,0,0.922286774241884,0.916865623118124,0.927460440624045
"228",16,0.001,0.15,35,1.40342254271008,0.016,14.9848956207666,1.21424154450374,0.936555976297911,0.0758900965314835,0.00646248220766944,0.874055976297911,0.119481541494419,0,0.87974128872364,0.84317543351032,0.98411944181564,0.0133900965314836,0.00249046165287639,0,0.87974128872364,0.873205425294738,0.886055088365988
"229",16,0.01,0.05,35,1.61296124286362,0.16,16.2823951539992,3.21852960373408,1.01764969712495,0.20115810023338,0.00051109943932647,0.95514969712495,0.0443392034357235,0,0.955638123233934,0.933459133173117,0.851457771094876,0.13865810023338,0.00988412867174425,0,0.955638123233934,0.951417811985151,0.959590415379939
"230",16,0.01,0.1,35,1.65875889329274,0.16,15.8149365852999,3.11152419210982,0.988433536581243,0.194470262006863,0.000451096574938889,0.925933536581243,0.0736153668438177,0,0.926351410529723,0.888435988739298,0.851457771094876,0.131970262006863,0.0165719668982611,0,0.926351410529723,0.92105679796689,0.931396079191081
"231",16,0.01,0.15,35,1.64266568573613,0.16,15.2599334314196,2.99941694537065,0.953745839463723,0.187463559085666,0.000605766598672897,0.891245839463722,0.108148393937605,0,0.891786053668197,0.841266217739881,0.851457771094876,0.124963559085666,0.0235786698194587,0,0.891786053668197,0.885532931525663,0.897809958518182
"232",16,0.05,0.05,35,2.01976458187669,0.800000000000001,16.5276099606149,9.54856271234188,1.03297562253843,0.596785169521367,5.99514148753272e-05,0.970475622538436,0.0294644260466884,0,0.970533807413375,0.954296516025781,0.440126668651766,0.534285169521368,0.0255881618268664,0,0.970533807413375,0.967029208679568,0.973760666729503
"233",16,0.05,0.1,35,2.08375357853398,0.800000000000001,16.142978435408,9.20447737412151,1.008936152213,0.575279835882594,5.6168098644652e-05,0.946436152213002,0.0535076796883536,0,0.946489314718197,0.915885446173631,0.440126668651766,0.512779835882595,0.0470934954656394,0,0.946489314718197,0.941896706437089,0.950819642052671
"234",16,0.05,0.15,35,1.87695997691468,0.800000000000001,15.6157678567571,8.93824016830308,0.975985491047316,0.558640010518942,8.54473288452008e-05,0.913485491047317,0.0864290616238385,0,0.913563552612618,0.886164749666116,0.440126668651766,0.496140010518943,0.0637333208292913,0,0.913563552612618,0.907884699406826,0.91900017499111
"235",16,0.1,0.05,35,2.22888132375087,1.6,16.6248901722696,13.6821558829696,1.03905563576685,0.855134742685602,2.86645046178458e-05,0.97655563576685,0.0234156997285317,0,0.976583629052795,0.972918506071388,0.185302018885184,0.792634742685603,0.0220632384292134,0,0.976583629052795,0.973427223935692,0.979458083127995
"236",16,0.1,0.1,35,2.55130282967272,1.6,16.3778618259208,13.3136916845644,1.02361636412005,0.832105730285273,1.65765730097454e-05,0.961116364120053,0.0388670593069369,0,0.961132296399736,0.944651574111134,0.185302018885184,0.769605730285274,0.0450922508295418,0,0.961132296399736,0.95715739338897,0.964835666305955
"237",16,0.1,0.15,35,2.53578410906511,1.6,16.1041487093687,12.9790473458042,1.00650929433554,0.811190459112761,1.67899844548728e-05,0.944009294335543,0.0559739156800014,0,0.944025144503044,0.918979151130667,0.185302018885184,0.748690459112762,0.0660075220020544,0,0.944025144503044,0.939338805789373,0.948450729858814
"238",16,0.15,0.05,35,3.14865347171516,2.4,16.8529755833872,15.5665795359537,1.0533109739617,0.972911220997108,2.95457193099861e-06,0.9908109739617,0.00918607146636874,0,0.990813901392642,0.983432124479123,0.0742510862360638,0.910411220997108,0.0153376927668277,0,0.990813901392642,0.988744077940793,0.99258973548017
"239",16,0.15,0.1,35,2.93891309864599,2.4,16.5757966011291,15.3221707027101,1.03598728757057,0.957635668919378,7.75411133539346e-06,0.97348728757057,0.0265049583180948,0,0.973494836157914,0.966931373734927,0.0742510862360638,0.895135668919379,0.0306132448445571,0,0.973494836157914,0.970155242337246,0.976554658611158
"240",16,0.15,0.15,35,2.6297183020296,2.4,16.2465222571763,15.0929198053357,1.01540764107352,0.94330748783348,1.01349192133103e-05,0.95290764107352,0.047082224007267,0,0.952917298813361,0.951453979300141,0.0742510862360638,0.88080748783348,0.0449414259304559,0,0.952917298813361,0.948581921576957,0.956986376109454
"241",17,0.001,0.05,35,1.35979322112033,0.017,17.0407187156193,1.26762738412495,1.00239521856584,0.0745663167132322,0.00441244529109161,0.943571689154075,0.052015865554833,0,0.947753600063792,0.93347691846971,0.983135322373824,0.0157427873014675,0.00112189032470814,0,0.947753600063792,0.943210082451076,0.952034050386301
"242",17,0.001,0.1,35,1.51870158435881,0.017,16.4538054537967,1.25110535015974,0.967870909046863,0.0735944323623375,0.00472876497029343,0.909047379635099,0.0862238553946081,0,0.913366475027248,0.875848520676548,0.983135322373824,0.0147709029505728,0.00209377467560282,0,0.913366475027248,0.907682002783105,0.918808834814398
"243",17,0.001,0.15,35,1.57434237704323,0.017,16.020854687973,1.23961758271739,0.942403216939588,0.0729186813363169,0.00754025910940865,0.883579687527824,0.108880053362768,0,0.890292725360261,0.835779505365412,0.983135322373824,0.0140951519245522,0.00276952570162342,0,0.890292725360261,0.884003328394202,0.896353793341095
"244",17,0.01,0.05,35,1.55366999811197,0.17,17.2311306356964,3.50464548411201,1.01359591974685,0.206155616712471,0.00049675042749604,0.954772390335081,0.0447308592374234,0,0.955246909645811,0.938081516332247,0.842943193383927,0.147332087300706,0.00972471931536679,0,0.955246909645811,0.951009806752503,0.959216241390647
"245",17,0.01,0.1,35,1.6001580585932,0.17,16.6085671504458,3.3600578312564,0.976974538261519,0.197650460662141,0.000459643097559314,0.918151008849755,0.081389348052686,0,0.918573224692087,0.883928141934912,0.842943193383927,0.138826931250377,0.0182298753656968,0,0.918573224692087,0.913040157162126,0.923861047765487
"246",17,0.01,0.15,35,1.57874998562217,0.17,16.0146938704842,3.23530904258844,0.942040815910836,0.19031229662285,0.00054181562794355,0.883217286499072,0.116240897872984,0,0.88369608684928,0.837205149169437,0.842943193383927,0.131488767211085,0.0255680394049882,0,0.88369608684928,0.877250643733633,0.889917120103062
"247",17,0.05,0.05,35,1.92659658755588,0.85,17.4480728064067,10.460746829482,1.02635722390628,0.615338048793058,7.22045782331443e-05,0.967533694494511,0.0323941009272555,0,0.967603559901451,0.956408262850905,0.418120335219177,0.556514519381294,0.0253651453995293,0,0.967603559901451,0.963944411010003,0.970986937737149
"248",17,0.05,0.1,35,2.01301286990437,0.85,17.0300005944577,10.0726648319926,1.00176474085045,0.592509695999566,8.16693266916971e-05,0.94294121143869,0.0569771192346185,0,0.943018227102355,0.917176177292302,0.418120335219177,0.533686166587801,0.0481934981930217,0,0.943018227102356,0.938294300236486,0.947482023032242
"249",17,0.05,0.15,35,1.874426734007,0.85,16.4986984606157,9.77354900646242,0.970511674153866,0.574914647438966,8.2712160738726e-05,0.9116881447421,0.088229143097161,0,0.911763558676121,0.886937882975508,0.418120335219177,0.516091118027201,0.0657885467536216,0,0.911763558676121,0.906033699202606,0.91725226796433
"250",17,0.1,0.05,35,2.34321322711044,1.7,17.606794126161,14.7775156149525,1.03569377212712,0.869265624408973,2.81403317412253e-05,0.976870242715349,0.0231016169529096,0,0.976897732941631,0.972653243768118,0.166771816996666,0.810442094997208,0.0227860880061262,0,0.976897732941631,0.973760669731458,0.97975261925452
"251",17,0.1,0.1,35,2.35477198038061,1.7,17.2425258078341,14.3926599388217,1.01426622399024,0.846627055224803,2.47729628243184e-05,0.955442694578478,0.0445325324586976,0,0.955466364311201,0.945483532462182,0.166771816996666,0.787803525813038,0.0454246571902962,0,0.955466364311201,0.951238670350182,0.959426148064734
"252",17,0.1,0.15,35,2.37683627028139,1.7,16.9519145570268,14.1054130505001,0.997171444530985,0.829730179441184,2.22758076481052e-05,0.938347915119221,0.0616298090731308,0,0.938368818042515,0.925204722733597,0.166771816996666,0.770906650029419,0.0623215329739155,0,0.938368818042515,0.933476343466344,0.943004023731185
"253",17,0.15,0.05,35,2.63885839568663,2.55,17.7072119715107,16.6839891802966,1.04160070420651,0.981411128252738,1.30692817539028e-05,0.982777174794745,0.0172097559235007,0,0.982790019154411,0.984737770596791,0.0631134233006543,0.922587598840973,0.0142989778583727,0,0.982790019154411,0.980045762173107,0.985247657768022
"254",17,0.15,0.1,35,2.80029856420987,2.55,17.4839335470957,16.4515349265113,1.02846667924092,0.967737348618315,1.07190677435649e-05,0.96964314982916,0.0303461311030972,0,0.969653543611181,0.970142855935299,0.0631134233006543,0.908913819206549,0.0279727574927965,0,0.969653543611181,0.96610166014923,0.972928282936811
"255",17,0.15,0.15,35,3.13462173276185,2.55,17.3967998287225,16.2058161416234,1.02334116639544,0.953283302448435,5.76110815036387e-06,0.964517636983671,0.0354766019081787,0,0.964523193706103,0.954715112034002,0.0631134233006543,0.894459773036669,0.042426803662677,0,0.964523193706103,0.960709721799924,0.968062927936968
"256",18,0.001,0.05,35,1.59378050040442,0.018,18.0809605446212,1.29942357333567,1.00449780803451,0.0721901985186483,0.00610574427862152,0.948942252478954,0.044952003242424,0,0.954771845210236,0.932026966611874,0.982152187051451,0.0166346429630927,0.00121316998545677,0,0.954771845210236,0.950514465285698,0.958761754729021
"257",18,0.001,0.1,35,1.52028205750647,0.018,17.2441976949609,1.27960965105147,0.958010983053381,0.0710894250584148,0.00572520228187274,0.902455427497825,0.0918193702203022,0,0.907651918331805,0.87035142891957,0.982152187051451,0.0155338695028593,0.00231394344569021,0,0.907651918331805,0.901808123994541,0.913257027068776
"258",18,0.001,0.15,35,1.65739783461597,0.018,16.9161804900951,1.26607006601945,0.939787805005281,0.0703372258899694,0.00612655673178451,0.884232249449726,0.10964119381849,0,0.88968294247007,0.82820625569225,0.982152187051451,0.0147816703344138,0.00306614261413563,0,0.889682942470069,0.883378836289259,0.895759082272624
"259",18,0.01,0.05,35,1.72306840260482,0.18,18.230883365924,3.78277060545994,1.01282685366244,0.210153922525552,0.000389222241711914,0.957271298106889,0.0423394796513989,0,0.957644034464746,0.9342067855592,0.834513761450088,0.154598366969997,0.0108878715799157,0,0.957644034464746,0.953511190669986,0.96150758339268
"260",18,0.01,0.1,35,1.54588912874073,0.18,17.4721846710773,3.64103937508799,0.97067692617096,0.202279965282666,0.000506989270745943,0.915121370615404,0.0843716401138501,0,0.915585562672129,0.886626048261146,0.834513761450088,0.14672440972711,0.0187618288228022,0,0.915585562672129,0.909964860113207,0.920962819146296
"261",18,0.01,0.15,35,1.77796799199687,0.18,17.2036906691545,3.50419487642905,0.955760592730803,0.194677493134947,0.000727681006186145,0.900205037175247,0.0990672818185668,0,0.900860576305846,0.840685840698656,0.834513761450088,0.139121937579391,0.0263643009705209,0,0.900860576305847,0.894835968070742,0.906650559241699
"262",18,0.05,0.05,35,2.10289807298288,0.9,18.4308232762842,11.3581916601877,1.02393462646023,0.631010647788208,6.29021204624349e-05,0.968379070904679,0.0315580269748585,0,0.968439987833454,0.954659524693381,0.397214318458218,0.575455092232654,0.0273305893091286,0,0.968439987833454,0.964824138615713,0.971779507867973
"263",18,0.05,0.1,35,2.06563799321147,0.9,17.9180850200975,10.9421579101554,0.995449167783196,0.607897661675302,6.25438677154542e-05,0.93989361222764,0.0600438439046446,0,0.939952400486235,0.916315903037027,0.397214318458218,0.552342106119748,0.0504435754220344,0,0.939952400486235,0.935116437096751,0.94453012226345
"264",18,0.05,0.15,35,2.12128157296615,0.9,17.5893754336769,10.5955712503415,0.977187524093159,0.588642847241194,6.52318611294117e-05,0.921631968537604,0.0783027996012665,0,0.921692092228169,0.884372850931246,0.397214318458218,0.53308729168564,0.0696983898561422,0,0.921692092228168,0.916252788376846,0.926884270488289
"265",18,0.1,0.05,35,2.78412042795174,1.8,18.6711204555308,15.8773975727106,1.03728446975171,0.882077642928366,1.29049638892106e-05,0.981728914196154,0.0182581808399567,0,0.981741583535838,0.972487198809057,0.150094635296999,0.826522087372811,0.0233832773301898,0,0.981741583535838,0.978922728934237,0.984274644969548
"266",18,0.1,0.1,35,2.6940634547281,1.8,18.3906755744274,15.5067145921305,1.0217041985793,0.861484144007247,1.414549857628e-05,0.966148643023742,0.0338372114776814,0,0.966162309871321,0.94825685531862,0.150094635296999,0.805928588451692,0.0439767762513085,0,0.966162309871321,0.962429982500198,0.969619821651317
"267",18,0.1,0.15,35,2.69592063844,1.8,18.1609854824284,15.2113679232763,1.00894363791269,0.845075995737575,1.18388657871269e-05,0.953388082357131,0.0466000787770813,0,0.953399369524309,0.928951002042348,0.150094635296999,0.78952044018202,0.060384924520981,0,0.953399369524308,0.949084092673885,0.957448042712147
"268",18,0.15,0.05,35,3.15155161915187,2.7,18.7978970120498,17.8000279305238,1.04432761178054,0.988890440584656,6.12780406488936e-06,0.988772056224986,0.0112218159709494,0,0.98877811526354,0.986243297114064,0.0536464098055562,0.9333348850291,0.0130187051653435,0,0.98877811526354,0.986514997630634,0.990749378962167
"269",18,0.15,0.1,35,3.22882358790484,2.7,18.6140020738224,17.5662641167243,1.03411122632346,0.97590356204024,5.18621270482279e-06,0.978555670767909,0.0214391430193864,0,0.978560745792081,0.972520225020315,0.0536464098055562,0.920348006484684,0.02600558370976,0,0.978560745792081,0.97552852144442,0.98130958206025
"270",18,0.15,0.15,35,3.14792499645157,2.7,18.3782553480612,17.3327822742292,1.0210141860034,0.96293234856829,6.08600063272925e-06,0.965458630447844,0.0345352835515236,0,0.965464506265439,0.958813706012674,0.0536464098055562,0.907376793012734,0.0389767971817101,0,0.965464506265439,0.961697371561221,0.968957285344915
"271",19,0.001,0.05,35,1.51455274418498,0.019,18.9620723478635,1.33239933483182,0.998003807782289,0.070126280780622,0.00513398458817948,0.945372228834921,0.0494937865768999,0,0.950250801806299,0.929088381591168,0.981170034864399,0.0174947018332536,0.00133526330234735,0,0.950250801806299,0.945806355367545,0.954430622096507
"272",19,0.001,0.1,35,1.70467510360955,0.019,18.4647277318729,1.31402845416439,0.971827775361733,0.0691593923244415,0.00705892127858856,0.919196196414364,0.0737448823070471,0,0.925730857663773,0.87773998826077,0.981170034864399,0.0165278133770731,0.00230215175852786,0,0.925730857663773,0.920416641263495,0.930795506121284
"273",19,0.001,0.15,35,1.59453796374955,0.019,17.763495037038,1.29823717305932,0.934920791423051,0.0683282722662798,0.005191806447668,0.882289212475683,0.112518981076649,0,0.886893793390605,0.833601825912804,0.981170034864399,0.0156966933189114,0.00313327181668955,0,0.886893793390605,0.880523155294077,0.893038122799209
"274",19,0.01,0.05,35,1.71220548357156,0.19,19.1353987080741,4.07528564479795,1.00712624779337,0.214488718147261,0.000390108381480674,0.954494668846003,0.0451152227725159,0,0.954867170532429,0.931115790320871,0.826168623835587,0.161857139199892,0.0119742369645211,0,0.954867170532429,0.950613849434205,0.958852960909519
"275",19,0.01,0.1,35,1.63012337070483,0.19,18.4564740159136,3.92570097316755,0.97139336925861,0.206615840693029,0.000575593716391502,0.918761790311242,0.0806626159723662,0,0.919290928393161,0.885825477214305,0.826168623835587,0.153984261745661,0.0198471144187525,0,0.919290928393161,0.913779226845236,0.924556952959391
"276",19,0.01,0.15,35,1.7383311019367,0.19,17.9425765087052,3.75683356734364,0.944346132037116,0.197728082491771,0.000532628519901325,0.891714553089749,0.10775281839035,0,0.892189758800449,0.834696858219468,0.826168623835587,0.145096503544402,0.028734872620011,0,0.892189758800449,0.885946505403678,0.898203554685687
"277",19,0.05,0.05,35,2.0885829359175,0.950000000000001,19.3859276223075,12.28628210083,1.02031198012145,0.646646426359474,6.67901463427807e-05,0.967680401174076,0.0322528086795808,0,0.967745037006721,0.954016356363468,0.377353602535308,0.594014847412105,0.0286315500525869,0,0.967745037006721,0.964093168136185,0.97112104061198
"278",19,0.05,0.1,35,2.20614143957186,0.950000000000001,18.9709766633535,11.8429187744496,0.998472455965976,0.623311514444716,4.38768217254077e-05,0.945840877018607,0.0541152461596672,0,0.945882379331139,0.91653936780339,0.377353602535308,0.570679935497347,0.051966461967345,0,0.945882379331139,0.941266449471364,0.950236405096912
"279",19,0.05,0.15,35,2.25570124920884,0.950000000000001,18.6570789989794,11.503472929515,0.981951526262073,0.605445943658686,4.36482042428877e-05,0.929319947314704,0.0706364044810527,0,0.929360512232158,0.887846403612517,0.377353602535308,0.552814364711316,0.0698320327533754,0,0.929360512232157,0.924162481971324,0.934306772691737
"280",19,0.1,0.05,35,2.90763032270475,1.9,19.6907853531174,17.0105226254975,1.03635712384828,0.895290664499866,1.06788910820991e-05,0.983725544900915,0.0162637762080033,0,0.983736050111047,0.974268284050953,0.135085171767299,0.842659085552498,0.0222557426802028,0,0.983736050111047,0.981061187224909,0.98612353266819
"281",19,0.1,0.1,35,2.76196216655967,1.9,19.3737757426632,16.6458695773625,1.01967240750859,0.876098398808554,1.30228242483487e-05,0.967040828561223,0.0329461486145281,0,0.967053422327981,0.952078508751889,0.135085171767299,0.823466819861186,0.0414480083715147,0,0.967053422327981,0.963366131192669,0.970465308016938
"282",19,0.1,0.15,35,2.51921292568226,1.9,18.8105908199209,16.261566473007,0.99003109578531,0.855871919631947,2.18434913406748e-05,0.937399516837943,0.062578639670717,0,0.93741999336345,0.92869299318854,0.135085171767299,0.803240340684579,0.0616744875481221,0,0.93741999336345,0.932494083858475,0.942089215846524
"283",19,0.15,0.05,35,3.39301953098115,2.85,19.8076195193126,18.8849089895554,1.04250629049014,0.993942578397654,3.99686702927195e-06,0.98987471154277,0.0101212915902009,0,0.989878667956181,0.986285053804554,0.0455994483347228,0.941310999450284,0.0130895522149929,0,0.989878667956181,0.987717573423328,0.991746789152348
"284",19,0.15,0.1,35,3.66955696764571,2.85,19.6783366927695,18.6485972016945,1.0357019311984,0.981505115878658,3.09794805360724e-06,0.98307035225103,0.0169265498009164,0,0.983073397761349,0.973253352914091,0.0455994483347228,0.928873536931289,0.0255270147339884,0,0.983073397761349,0.980349712220639,0.985510238532545
"285",19,0.15,0.15,35,3.14443229573509,2.85,19.3393496447268,18.4420317072926,1.0178605076172,0.970633247752242,5.72069182550753e-06,0.965228928669831,0.0347653506383433,0,0.965234450478662,0.961862047547129,0.0455994483347228,0.918001668804873,0.0363988828604046,0,0.965234450478662,0.961455926454008,0.968738770167064
"286",20,0.001,0.05,35,1.7448684478883,0.02,20.0975554546506,1.36947060362079,1.00487777273253,0.0684735301810396,0.0043510727842388,0.954877772732531,0.0407711544832305,0,0.95905067201022,0.932482163292704,0.980188864829535,0.0184735301810397,0.00133760498942565,0,0.95905067201022,0.954980590887731,0.962850558914223
"287",20,0.001,0.1,35,1.69547053724392,0.02,19.2241414652025,1.34382899362968,0.961207073260127,0.0671914496814839,0.00454796367722999,0.911207073260127,0.0842449630626431,0,0.915370143423638,0.867767017566629,0.980188864829535,0.017191449681484,0.00261968548898129,0,0.915370143423638,0.90974320187518,0.920753768426559
"288",20,0.001,0.15,35,1.90421080788477,0.02,19.0714409988314,1.32913797863012,0.95357204994157,0.0664568989315062,0.00637458990780214,0.90357204994157,0.0900533601506279,0,0.909368903778063,0.83068934666805,0.980188864829535,0.0164568989315063,0.00335423623895906,0,0.909368903778063,0.903572261009513,0.914925832387257
"289",20,0.01,0.05,35,1.89439350172626,0.2,20.1872939756908,4.38996165340529,1.00936469878454,0.219498082670265,0.000331491287537881,0.95936469878454,0.0403038099279219,0,0.95968282527992,0.930832182367026,0.817906937597231,0.169498082670265,0.0125949797325046,0,0.95968282527992,0.955641351107016,0.963453699685785
"290",20,0.01,0.1,35,1.64876897666464,0.2,19.2401453393132,4.20114351565854,0.962007266965662,0.210057175782927,0.000466126200385508,0.912007266965663,0.0875266068339518,0,0.91243257569528,0.878985578423073,0.817906937597231,0.160057175782927,0.0220358866198423,0,0.91243257569528,0.906721591937176,0.917902007743891
"291",20,0.01,0.15,35,1.69864380860094,0.2,18.7086479356321,4.05234674142511,0.935432396781604,0.202617337071255,0.000396812982235552,0.885432396781603,0.114170790236162,0,0.885783887327549,0.838128235405713,0.817906937597231,0.152617337071255,0.0294757253315138,0,0.885783887327549,0.879387109245291,0.891955015991956
"292",20,0.05,0.05,35,2.19000263679969,0.999999999999999,20.3802954214082,13.2623305230552,1.01901477107041,0.663116526152758,6.75857251395549e-05,0.969014771070411,0.0309176432044494,0,0.969080267062979,0.955733549066736,0.358485922408542,0.613116526152758,0.0283975514387,0,0.969080267062979,0.965497994026772,0.972385781735811
"293",20,0.05,0.1,35,2.25938861991132,0.999999999999999,19.9504636981385,12.8306282435938,0.997523184906927,0.641531412179688,5.21026610300093e-05,0.947523184906928,0.0524247124320417,0,0.947572555958613,0.922086409078616,0.358485922408542,0.591531412179688,0.0499826654117699,0,0.947572555958613,0.943021965679714,0.951860191664365
"294",20,0.05,0.15,35,2.33258031826033,0.999999999999999,19.5564071034953,12.3647678028398,0.977820355174766,0.618238390141989,4.12968531257065e-05,0.927820355174767,0.0721383479721075,0,0.9278586728181,0.885776961084659,0.358485922408542,0.56823839014199,0.0732756874494681,0,0.9278586728181,0.922612118722211,0.932854369022596
"295",20,0.1,0.05,35,3.03788016289527,2,20.677611338376,18.1196396362878,1.0338805669188,0.905981981814388,1.01386399898963e-05,0.983880566918802,0.0161092944412081,0,0.983890542230799,0.974452678526453,0.121576654590569,0.855981981814387,0.0224413635950434,0,0.983890542230799,0.981227211387895,0.986266366577246
"296",20,0.1,0.1,35,2.72116253841371,2,20.2962217904822,17.7667631190182,1.01481108952411,0.888338155950912,1.69760057144339e-05,0.964811089524109,0.0351719344701756,0,0.964827468440727,0.95436688964609,0.121576654590569,0.838338155950911,0.0400851894585196,0,0.964827468440727,0.96102889876271,0.96835210100203
"297",20,0.1,0.15,35,3.13088584767663,2,20.2419776302896,17.4093683314786,1.01209888151448,0.870468416573929,7.55941541651106e-06,0.962098881514479,0.0378935590701043,0,0.962106154474576,0.934023920085492,0.121576654590569,0.820468416573928,0.0579549288355025,0,0.962106154474576,0.958176772526849,0.965763373358001
"298",20,0.15,0.05,35,3.37941982157586,3,20.8109709814763,19.9888631178265,1.04054854907382,0.999443155891326,3.85045002305902e-06,0.990548549073817,0.00944760047615964,0,0.990552363146187,0.98772699089805,0.0387595310845144,0.949443155891324,0.011797313024162,0,0.990552363146187,0.988456554513483,0.992354473458726
"299",20,0.15,0.1,35,3.7814928522677,3,20.6937384742011,19.7614509222868,1.03468692371005,0.988072546114341,2.72892981966687e-06,0.984686923710054,0.0153103473601267,0,0.984689610858896,0.975897890746021,0.0387595310845144,0.938072546114338,0.0231679228011473,0,0.984689610858896,0.982086873627689,0.9870041804646
"300",20,0.15,0.15,35,3.75931957111102,3,20.5559177993828,19.5138900056484,1.02779588996914,0.975694500282421,2.04308921494984e-06,0.977795889969139,0.0222020669416463,0,0.977797887697458,0.963020732290671,0.0387595310845144,0.925694500282419,0.0355459686330667,0,0.977797887697458,0.974717049895381,0.98059589637469
