"","pool","pos","prevalence","prob_sim_real"
"1",1,0,0.001,0.997
"2",1,1,0.001,0.003
"3",1,0,0.01,0.977
"4",1,1,0.01,0.023
"5",1,0,0.03,0.959
"6",1,1,0.03,0.041
"7",1,0,0.05,0.834
"8",1,1,0.05,0.166
"9",1,0,0.1,0.851
"10",1,1,0.1,0.149
"11",2,0,0.001,0.99539295577257
"12",2,1,0.001,0.00460460629880617
"13",2,2,0.001,2.43792862421843e-06
"14",2,0,0.01,0.961647491928181
"15",2,1,0.01,0.0379995775454631
"16",2,2,0.01,0.000352930526356213
"17",2,0,0.03,0.846092280869616
"18",2,1,0.03,0.148227385542218
"19",2,2,0.03,0.0056803335881664
"20",2,0,0.05,0.777953161930529
"21",2,1,0.05,0.214001891322358
"22",2,2,0.05,0.00804494674711313
"23",2,0,0.1,0.785445302902535
"24",2,1,0.1,0.205154229414323
"25",2,2,0.1,0.00940046768314206
"26",3,0,0.001,0.996000759876275
"27",3,1,0.001,0.00399924012372499
"28",3,2,0.001,0
"29",3,3,0.001,0
"30",3,0,0.01,0.955179615310935
"31",3,1,0.01,0.0443620222760015
"32",3,2,0.01,0.000458362413063879
"33",3,3,0.01,0
"34",3,0,0.03,0.83419504563521
"35",3,1,0.03,0.154748467647893
"36",3,2,0.03,0.0107908513345767
"37",3,3,0.03,0.000265635382320034
"38",3,0,0.05,0.66176920327121
"39",3,1,0.05,0.295991721743255
"40",3,2,0.05,0.0405565703290049
"41",3,3,0.05,0.00168250465652964
"42",3,0,0.1,0.50726033420905
"43",3,1,0.1,0.392461067795602
"44",3,2,0.1,0.0962225812742487
"45",3,3,0.1,0.00405601672109915
"46",4,0,0.001,0.993948075806152
"47",4,1,0.001,0.00526583466006461
"48",4,2,0.001,0.000784530476779255
"49",4,3,0.001,1.55905700444664e-06
"50",4,4,0.001,0
"51",4,0,0.01,0.89983242511974
"52",4,1,0.01,0.0860984275804378
"53",4,2,0.01,0.0137464345869446
"54",4,3,0.01,0.000322712712877352
"55",4,4,0.01,0
"56",4,0,0.03,0.749897422030214
"57",4,1,0.03,0.216958707223042
"58",4,2,0.03,0.0300108523626009
"59",4,3,0.03,0.0030548528086718
"60",4,4,0.03,7.81655754719466e-05
"61",4,0,0.05,0.562678427726255
"62",4,1,0.05,0.329416907552412
"63",4,2,0.05,0.0962680035110058
"64",4,3,0.05,0.0113981610781635
"65",4,4,0.05,0.000238500132164174
"66",4,0,0.1,0.370365064802933
"67",4,1,0.1,0.422187610871088
"68",4,2,0.1,0.176853900421233
"69",4,3,0.1,0.0294076726279273
"70",4,4,0.1,0.00118575127681913
"71",5,0,0.001,0.987857670063287
"72",5,1,0.001,0.0112637542971334
"73",5,2,0.001,0.000873496167539215
"74",5,3,0.001,5.07947204021927e-06
"75",5,4,0.001,0
"76",5,5,0.001,0
"77",5,0,0.01,0.876152056310317
"78",5,1,0.01,0.11324554675481
"79",5,2,0.01,0.0100733647336658
"80",5,3,0.01,0.000514637526253242
"81",5,4,0.01,1.43946749537442e-05
"82",5,5,0.01,0
"83",5,0,0.03,0.666965651565702
"84",5,1,0.03,0.265773325458833
"85",5,2,0.03,0.0584805741961869
"86",5,3,0.03,0.00808891047094381
"87",5,4,0.03,0.000657804732318029
"88",5,5,0.03,3.37335760163092e-05
"89",5,0,0.05,0.713473696346625
"90",5,1,0.05,0.237959259748653
"91",5,2,0.05,0.0441286767955104
"92",5,3,0.05,0.00426955818206297
"93",5,4,0.05,0.00016880892714825
"94",5,5,0.05,0
"95",5,0,0.1,0.267338410035276
"96",5,1,0.1,0.419828956634546
"97",5,2,0.1,0.241258306887019
"98",5,3,0.1,0.0632448354130191
"99",5,4,0.1,0.00788509957983132
"100",5,5,0.1,0.000444391450308413
"101",6,0,0.001,0.990560112512711
"102",6,1,0.001,0.00794383104053367
"103",6,2,0.001,0.00138133817689279
"104",6,3,0.001,0.000114281331108467
"105",6,4,0.001,4.3693875399911e-07
"106",6,5,0.001,0
"107",6,6,0.001,0
"108",6,0,0.01,0.891991208209407
"109",6,1,0.01,0.0956749019535189
"110",6,2,0.01,0.011290643887482
"111",6,3,0.01,0.000998597320892283
"112",6,4,0.01,4.39095242365164e-05
"113",6,5,0.01,7.39104463047713e-07
"114",6,6,0.01,0
"115",6,0,0.03,0.732553073317367
"116",6,1,0.03,0.205573645749908
"117",6,2,0.03,0.0539277989638859
"118",6,3,0.03,0.00751164668871939
"119",6,4,0.03,0.000425670446762506
"120",6,5,0.03,8.16483335730368e-06
"121",6,6,0.03,0
"122",6,0,0.05,0.378017804020626
"123",6,1,0.05,0.384392394201226
"124",6,2,0.05,0.183855453277767
"125",6,3,0.05,0.0472038085410284
"126",6,4,0.05,0.00605693036597567
"127",6,5,0.05,0.000453610723791364
"128",6,6,0.05,1.9998869585992e-05
"129",6,0,0.1,0.223015269961544
"130",6,1,0.1,0.376375494616016
"131",6,2,0.1,0.264643118679638
"132",6,3,0.1,0.104804201663443
"133",6,4,0.1,0.0271041602172462
"134",6,5,0.1,0.00384699794853215
"135",6,6,0.1,0.000210756913580203
"136",7,0,0.001,0.983775563853636
"137",7,1,0.001,0.0146721394230542
"138",7,2,0.001,0.00145731129727603
"139",7,3,0.001,9.41138062524052e-05
"140",7,4,0.001,8.71619781749375e-07
"141",7,5,0.001,0
"142",7,6,0.001,0
"143",7,7,0.001,0
"144",7,0,0.01,0.862105444730477
"145",7,1,0.01,0.110958652760838
"146",7,2,0.01,0.0233745941827898
"147",7,3,0.01,0.00341941731991582
"148",7,4,0.01,0.000141891005979179
"149",7,5,0.01,0
"150",7,6,0.01,0
"151",7,7,0.01,0
"152",7,0,0.03,0.659563463469222
"153",7,1,0.03,0.264830001641638
"154",7,2,0.03,0.0645503429835293
"155",7,3,0.03,0.00976102879817228
"156",7,4,0.03,0.00123721258110212
"157",7,5,0.03,5.79505263371934e-05
"158",7,6,0.03,0
"159",7,7,0.03,0
"160",7,0,0.05,0.383885913628218
"161",7,1,0.05,0.354078283873054
"162",7,2,0.05,0.190177503524316
"163",7,3,0.05,0.0589676184171591
"164",7,4,0.05,0.0117405254367342
"165",7,5,0.05,0.00111936702933898
"166",7,6,0.05,3.0788091180247e-05
"167",7,7,0.05,0
"168",7,0,0.1,0.181129514036525
"169",7,1,0.1,0.338547489778455
"170",7,2,0.1,0.291512640904261
"171",7,3,0.1,0.141741642728038
"172",7,4,0.1,0.0404504289545187
"173",7,5,0.1,0.00623795262097554
"174",7,6,0.1,0.000380330977227085
"175",7,7,0.1,0
"176",8,0,0.001,0.984403272068938
"177",8,1,0.001,0.0110970112009916
"178",8,2,0.001,0.00369325512021361
"179",8,3,0.001,0.000780101176085473
"180",8,4,0.001,2.62672873619228e-05
"181",8,5,0.001,9.31464090848326e-08
"182",8,6,0.001,0
"183",8,7,0.001,0
"184",8,8,0.001,0
"185",8,0,0.01,0.806341366934356
"186",8,1,0.01,0.150444238996792
"187",8,2,0.01,0.0349195212082759
"188",8,3,0.01,0.00753262823304844
"189",8,4,0.01,0.000732305280118121
"190",8,5,0.01,2.95674300504777e-05
"191",8,6,0.01,3.71917359125506e-07
"192",8,7,0.01,0
"193",8,8,0.01,0
"194",8,0,0.03,0.698350661848598
"195",8,1,0.03,0.197869783569219
"196",8,2,0.03,0.0823667660917411
"197",8,3,0.03,0.019159221897211
"198",8,4,0.03,0.00215067521960725
"199",8,5,0.03,0.000101998606824462
"200",8,6,0.03,8.92766799338832e-07
"201",8,7,0.03,0
"202",8,8,0.03,0
"203",8,0,0.05,0.355284933719996
"204",8,1,0.05,0.344554251099808
"205",8,2,0.05,0.196927926097899
"206",8,3,0.05,0.0776257170741566
"207",8,4,0.05,0.0214041609024187
"208",8,5,0.05,0.00375439084093493
"209",8,6,0.05,0.000418128106164616
"210",8,7,0.05,2.97911894585016e-05
"211",8,8,0.05,7.00969163729449e-07
"212",8,0,0.1,0.0637429841848065
"213",8,1,0.1,0.236306302696579
"214",8,2,0.1,0.331979961366237
"215",8,3,0.1,0.238474653167708
"216",8,4,0.1,0.100104150770487
"217",8,5,0.1,0.0253747910219378
"218",8,6,0.1,0.0037241980926335
"219",8,7,0.1,0.000285083465750333
"220",8,8,0.1,7.87523386050645e-06
"221",9,0,0.001,0.979388135727884
"222",9,1,0.001,0.0156208385908666
"223",9,2,0.001,0.00445675583184028
"224",9,3,0.001,0.000504674539050269
"225",9,4,0.001,2.89092908504009e-05
"226",9,5,0.001,6.64581398859791e-07
"227",9,6,0.001,2.14381096406384e-08
"228",9,7,0.001,0
"229",9,8,0.001,0
"230",9,9,0.001,0
"231",9,0,0.01,0.814270207262794
"232",9,1,0.01,0.147895541312789
"233",9,2,0.01,0.0302309167477515
"234",9,3,0.01,0.00677829767510489
"235",9,4,0.01,0.000780924158805619
"236",9,5,0.01,4.32672291559872e-05
"237",9,6,0.01,8.45613599139814e-07
"238",9,7,0.01,0
"239",9,8,0.01,0
"240",9,9,0.01,0
"241",9,0,0.03,0.530269305253532
"242",9,1,0.03,0.306573202285407
"243",9,2,0.03,0.122205001047059
"244",9,3,0.03,0.0343086786111729
"245",9,4,0.03,0.00596487108572163
"246",9,5,0.03,0.000642248481449848
"247",9,6,0.03,3.59920910273932e-05
"248",9,7,0.03,7.01144630403764e-07
"249",9,8,0.03,0
"250",9,9,0.03,0
"251",9,0,0.05,0.358031506620718
"252",9,1,0.05,0.348052610014711
"253",9,2,0.05,0.200834115678419
"254",9,3,0.05,0.0728155271319037
"255",9,4,0.05,0.0173429374334074
"256",9,5,0.05,0.00266092948988758
"257",9,6,0.05,0.000250245419969677
"258",9,7,0.05,1.21282109839908e-05
"259",9,8,0.05,0
"260",9,9,0.05,0
"261",9,0,0.1,0.0619522359703712
"262",9,1,0.1,0.195489318302725
"263",9,2,0.1,0.290277888265259
"264",9,3,0.1,0.252572350813885
"265",9,4,0.1,0.136909634714944
"266",9,5,0.1,0.0491450429862135
"267",9,6,0.1,0.0115416441915463
"268",9,7,0.1,0.00191289088968525
"269",9,8,0.1,0.000187907856158591
"270",9,9,0.1,1.10860092128962e-05
"271",10,0,0.001,0.987763277593934
"272",10,1,0.001,0.00886422793764335
"273",10,2,0.001,0.00264653120514518
"274",10,3,0.001,0.000613848614142721
"275",10,4,0.001,0.000111569167546793
"276",10,5,0.001,5.45481588396968e-07
"277",10,6,0.001,0
"278",10,7,0.001,0
"279",10,8,0.001,0
"280",10,9,0.001,0
"281",10,10,0.001,0
"282",10,0,0.01,0.804511645564973
"283",10,1,0.01,0.139213729518027
"284",10,2,0.01,0.042443168721113
"285",10,3,0.01,0.0123520955804562
"286",10,4,0.01,0.00140048273702512
"287",10,5,0.01,7.73763959488542e-05
"288",10,6,0.01,1.50148245696354e-06
"289",10,7,0.01,0
"290",10,8,0.01,0
"291",10,9,0.01,0
"292",10,10,0.01,0
"293",10,0,0.03,0.538927079086883
"294",10,1,0.03,0.286078932180687
"295",10,2,0.03,0.12088262509572
"296",10,3,0.03,0.0411963547200783
"297",10,4,0.03,0.0109750915910686
"298",10,5,0.03,0.00167463345706932
"299",10,6,0.03,0.000233226798570897
"300",10,7,0.03,2.95017962335696e-05
"301",10,8,0.03,2.32297608138344e-06
"302",10,9,0.03,2.32297608138344e-07
"303",10,10,0.03,0
"304",10,0,0.05,0.359324723495248
"305",10,1,0.05,0.333045195018863
"306",10,2,0.05,0.194435287748782
"307",10,3,0.05,0.0854337207995816
"308",10,4,0.05,0.0233640976949664
"309",10,5,0.05,0.00398597737934054
"310",10,6,0.05,0.000392280692977556
"311",10,7,0.05,1.87171702414739e-05
"312",10,8,0.05,0
"313",10,9,0.05,0
"314",10,10,0.05,0
"315",10,0,0.1,0.114558019760044
"316",10,1,0.1,0.259013667380759
"317",10,2,0.1,0.298184671758289
"318",10,3,0.1,0.204688736246264
"319",10,4,0.1,0.0927397300599064
"320",10,5,0.1,0.0252743651835306
"321",10,6,0.1,0.00492030787938916
"322",10,7,0.1,0.000581104796464827
"323",10,8,0.1,3.93969353535476e-05
"324",10,9,0.1,0
"325",10,10,0.1,0
"326",11,0,0.001,0.974445937417357
"327",11,1,0.001,0.0206790050557176
"328",11,2,0.001,0.0038524621293606
"329",11,3,0.001,0.00088301287349177
"330",11,4,0.001,0.000137562966128952
"331",11,5,0.001,2.01955794429856e-06
"332",11,6,0.001,0
"333",11,7,0.001,0
"334",11,8,0.001,0
"335",11,9,0.001,0
"336",11,10,0.001,0
"337",11,11,0.001,0
"338",11,0,0.01,0.759484245652238
"339",11,1,0.01,0.168765411283037
"340",11,2,0.01,0.0523749669287929
"341",11,3,0.01,0.0165163261354661
"342",11,4,0.01,0.00265558147069453
"343",11,5,0.01,0.000197613320281357
"344",11,6,0.01,5.85520948981798e-06
"345",11,7,0.01,0
"346",11,8,0.01,0
"347",11,9,0.01,0
"348",11,10,0.01,0
"349",11,11,0.01,0
"350",11,0,0.03,0.512604657892471
"351",11,1,0.03,0.27446031333458
"352",11,2,0.03,0.138465762586734
"353",11,3,0.03,0.056129972733042
"354",11,4,0.03,0.0153614998834264
"355",11,5,0.03,0.00257207311814648
"356",11,6,0.03,0.000351436122035385
"357",11,7,0.03,4.89500312835001e-05
"358",11,8,0.03,5.02051602907693e-06
"359",11,9,0.03,3.13782251817308e-07
"360",11,10,0.03,0
"361",11,11,0.03,0
"362",11,0,0.05,0.330387251218267
"363",11,1,0.05,0.318955543780955
"364",11,2,0.05,0.201006535626846
"365",11,3,0.05,0.101637911928276
"366",11,4,0.05,0.0365341188602156
"367",11,5,0.05,0.00949309457854768
"368",11,6,0.05,0.0017496263940177
"369",11,7,0.05,0.000221340589640038
"370",11,8,0.05,1.45770232345259e-05
"371",11,9,0.05,0
"372",11,10,0.05,0
"373",11,11,0.05,0
"374",11,0,0.1,0.0491578422521383
"375",11,1,0.1,0.159408826580899
"376",11,2,0.1,0.258432962897226
"377",11,3,0.1,0.257825156605775
"378",11,4,0.1,0.170786407126723
"379",11,5,0.1,0.0764695887122794
"380",11,6,0.1,0.0228851763100681
"381",11,7,0.1,0.00447607767602547
"382",11,8,0.1,0.000527368630991447
"383",11,9,0.1,3.05932078751944e-05
"384",11,10,0.1,0
"385",11,11,0.1,0
"386",12,0,0.001,0.984274364382633
"387",12,1,0.001,0.0103275556134284
"388",12,2,0.001,0.00376112050562095
"389",12,3,0.001,0.00138413210963304
"390",12,4,0.001,0.000212457194965305
"391",12,5,0.001,3.04097339021907e-05
"392",12,6,0.001,9.90175376737998e-06
"393",12,7,0.001,5.87060500042291e-08
"394",12,8,0.001,0
"395",12,9,0.001,0
"396",12,10,0.001,0
"397",12,11,0.001,0
"398",12,12,0.001,0
"399",12,0,0.01,0.792047968862572
"400",12,1,0.01,0.132680996388225
"401",12,2,0.01,0.0512454278164796
"402",12,3,0.01,0.0190174625933164
"403",12,4,0.01,0.00423476907203936
"404",12,5,0.01,0.000705620818502052
"405",12,6,0.01,6.28816974067926e-05
"406",12,7,0.01,4.5246977838836e-06
"407",12,8,0.01,3.48053675683354e-07
"408",12,9,0.01,0
"409",12,10,0.01,0
"410",12,11,0.01,0
"411",12,12,0.01,0
"412",12,0,0.03,0.497012743180486
"413",12,1,0.03,0.270367700765186
"414",12,2,0.03,0.145820231956551
"415",12,3,0.03,0.0629661367690918
"416",12,4,0.03,0.0191792924254964
"417",12,5,0.03,0.00403511648839511
"418",12,6,0.03,0.000568254305695484
"419",12,7,0.03,4.88210492405711e-05
"420",12,8,0.03,1.70305985722922e-06
"421",12,9,0.03,0
"422",12,10,0.03,0
"423",12,11,0.03,0
"424",12,12,0.03,0
"425",12,0,0.05,0.293684128945813
"426",12,1,0.05,0.367046454519139
"427",12,2,0.05,0.19974732572557
"428",12,3,0.05,0.0917929179281294
"429",12,4,0.05,0.0358367254370749
"430",12,5,0.05,0.00959718666969166
"431",12,6,0.05,0.00197469084640388
"432",12,7,0.05,0.000292694282249932
"433",12,8,0.05,2.58845283622389e-05
"434",12,9,0.05,1.99111756632607e-06
"435",12,10,0.05,0
"436",12,11,0.05,0
"437",12,12,0.05,0
"438",12,0,0.1,0.0492706334520332
"439",12,1,0.1,0.161419537139105
"440",12,2,0.1,0.265704026531505
"441",12,3,0.1,0.261654486604222
"442",12,4,0.1,0.167607190622213
"443",12,5,0.1,0.0702915890221754
"444",12,6,0.1,0.0198081596998498
"445",12,7,0.1,0.00365198935300334
"446",12,8,0.1,0.000513135724523266
"447",12,9,0.1,6.64434713501265e-05
"448",12,10,0.1,1.28083800193015e-05
"449",12,11,0.1,0
"450",12,12,0.1,0
"451",13,0,0.001,0.97754847386247
"452",13,1,0.001,0.0167852756716327
"453",13,2,0.001,0.00390582417672409
"454",13,3,0.001,0.00150992817284058
"455",13,4,0.001,0.000237253874709033
"456",13,5,0.001,1.31173000106653e-05
"457",13,6,0.001,1.26941613006438e-07
"458",13,7,0.001,0
"459",13,8,0.001,0
"460",13,9,0.001,0
"461",13,10,0.001,0
"462",13,11,0.001,0
"463",13,12,0.001,0
"464",13,13,0.001,0
"465",13,0,0.01,0.766463819931732
"466",13,1,0.01,0.158481724471365
"467",13,2,0.01,0.051551599505856
"468",13,3,0.01,0.0177160914400805
"469",13,4,0.01,0.00491592459269407
"470",13,5,0.01,0.00078744880385685
"471",13,6,0.01,7.7608649181975e-05
"472",13,7,0.01,5.57970680393284e-06
"473",13,8,0.01,2.02898429233922e-07
"474",13,9,0.01,0
"475",13,10,0.01,0
"476",13,11,0.01,0
"477",13,12,0.01,0
"478",13,13,0.01,0
"479",13,0,0.03,0.422861187220648
"480",13,1,0.03,0.288396599432006
"481",13,2,0.03,0.176942398263393
"482",13,3,0.03,0.0804814873783414
"483",13,4,0.03,0.0256902870339021
"484",13,5,0.03,0.00505516318838852
"485",13,6,0.03,0.000540581034596461
"486",13,7,0.03,3.22964487241129e-05
"487",13,8,0.03,0
"488",13,9,0.03,0
"489",13,10,0.03,0
"490",13,11,0.03,0
"491",13,12,0.03,0
"492",13,13,0.03,0
"493",13,0,0.05,0.274436291421005
"494",13,1,0.05,0.296843416638293
"495",13,2,0.05,0.239965959322741
"496",13,3,0.05,0.130173870398658
"497",13,4,0.05,0.0452087497703794
"498",13,5,0.05,0.0110502239332241
"499",13,6,0.05,0.00203648320310391
"500",13,7,0.05,0.000261979748741006
"501",13,8,0.05,2.20022054606704e-05
"502",13,9,0.05,1.02335839351955e-06
"503",13,10,0.05,0
"504",13,11,0.05,0
"505",13,12,0.05,0
"506",13,13,0.05,0
"507",13,0,0.1,0.0404217000454088
"508",13,1,0.1,0.152245898395929
"509",13,2,0.1,0.261853537234432
"510",13,3,0.1,0.264594984124275
"511",13,4,0.1,0.173657824892441
"512",13,5,0.1,0.0775826599752243
"513",13,6,0.1,0.0239935543505033
"514",13,7,0.1,0.00497345156847382
"515",13,8,0.1,0.000639037777043085
"516",13,9,0.1,3.73516362693544e-05
"517",13,10,0.1,0
"518",13,11,0.1,0
"519",13,12,0.1,0
"520",13,13,0.1,0
"521",14,0,0.001,0.973604057513677
"522",14,1,0.001,0.0162173408739041
"523",14,2,0.001,0.00657241732042275
"524",14,3,0.001,0.00279751591551785
"525",14,4,0.001,0.000723126714231218
"526",14,5,0.001,8.46854672655177e-05
"527",14,6,0.001,8.56194981544756e-07
"528",14,7,0.001,0
"529",14,8,0.001,0
"530",14,9,0.001,0
"531",14,10,0.001,0
"532",14,11,0.001,0
"533",14,12,0.001,0
"534",14,13,0.001,0
"535",14,14,0.001,0
"536",14,0,0.01,0.706057773756723
"537",14,1,0.01,0.17593651141804
"538",14,2,0.01,0.0701673767798419
"539",14,3,0.01,0.0333983529244262
"540",14,4,0.01,0.0118626848143815
"541",14,5,0.01,0.0023410349099977
"542",14,6,0.01,0.000227000086919302
"543",14,7,0.01,9.26530967017558e-06
"544",14,8,0.01,0
"545",14,9,0.01,0
"546",14,10,0.01,0
"547",14,11,0.01,0
"548",14,12,0.01,0
"549",14,13,0.01,0
"550",14,14,0.01,0
"551",14,0,0.03,0.34552001419474
"552",14,1,0.03,0.290419442040513
"553",14,2,0.03,0.187198126022106
"554",14,3,0.03,0.111065949496371
"555",14,4,0.03,0.0475584931428153
"556",14,5,0.03,0.014224184361718
"557",14,6,0.03,0.00333820617311191
"558",14,7,0.03,0.000589331194363825
"559",14,8,0.03,7.78286260766386e-05
"560",14,9,0.03,8.42474818355366e-06
"561",14,10,0.03,0
"562",14,11,0.03,0
"563",14,12,0.03,0
"564",14,13,0.03,0
"565",14,14,0.03,0
"566",14,0,0.05,0.299349626288606
"567",14,1,0.05,0.320283283688008
"568",14,2,0.05,0.192118892636406
"569",14,3,0.05,0.117089834809309
"570",14,4,0.05,0.0510139936757944
"571",14,5,0.05,0.0159532683407047
"572",14,6,0.05,0.00359818128399981
"573",14,7,0.05,0.000536640962437107
"574",14,8,0.05,5.4099799325527e-05
"575",14,9,0.05,2.17851540908162e-06
"576",14,10,0.05,0
"577",14,11,0.05,0
"578",14,12,0.05,0
"579",14,13,0.05,0
"580",14,14,0.05,0
"581",14,0,0.1,0.0287345603428299
"582",14,1,0.1,0.12670924275935
"583",14,2,0.1,0.24842962924644
"584",14,3,0.1,0.274779324831147
"585",14,4,0.1,0.191903720875138
"586",14,5,0.1,0.0906351958088865
"587",14,6,0.1,0.0302880559849691
"588",14,7,0.1,0.007190430807136
"589",14,8,0.1,0.00118948690673129
"590",14,9,0.1,0.000133334815503803
"591",14,10,0.1,7.0176218686212e-06
"592",14,11,0.1,0
"593",14,12,0.1,0
"594",14,13,0.1,0
"595",14,14,0.1,0
"596",15,0,0.001,0.972720910409916
"597",15,1,0.001,0.0201590496614492
"598",15,2,0.001,0.00469503566676658
"599",15,3,0.001,0.00186856917542388
"600",15,4,0.001,0.000491603246279993
"601",15,5,0.001,6.39148410104747e-05
"602",15,6,0.001,9.16999153665348e-07
"603",15,7,0.001,0
"604",15,8,0.001,0
"605",15,9,0.001,0
"606",15,10,0.001,0
"607",15,11,0.001,0
"608",15,12,0.001,0
"609",15,13,0.001,0
"610",15,14,0.001,0
"611",15,15,0.001,0
"612",15,0,0.01,0.721609476698492
"613",15,1,0.01,0.191186857455329
"614",15,2,0.01,0.0525471662188533
"615",15,3,0.01,0.025596956610533
"616",15,4,0.01,0.00756600245124044
"617",15,5,0.01,0.00132953150592745
"618",15,6,0.01,0.000147184904476329
"619",15,7,0.01,1.61892813694309e-05
"620",15,8,0.01,6.34873779193369e-07
"621",15,9,0.01,0
"622",15,10,0.01,0
"623",15,11,0.01,0
"624",15,12,0.01,0
"625",15,13,0.01,0
"626",15,14,0.01,0
"627",15,15,0.01,0
"628",15,0,0.03,0.359542123311935
"629",15,1,0.03,0.272649495257167
"630",15,2,0.03,0.195118609163558
"631",15,3,0.03,0.115659505970871
"632",15,4,0.03,0.044393662896661
"633",15,5,0.03,0.0108410819769319
"634",15,6,0.03,0.00164456445285501
"635",15,7,0.03,0.000145484209778355
"636",15,8,0.03,5.47276024244596e-06
"637",15,9,0.03,0
"638",15,10,0.03,0
"639",15,11,0.03,0
"640",15,12,0.03,0
"641",15,13,0.03,0
"642",15,14,0.03,0
"643",15,15,0.03,0
"644",15,0,0.05,0.282043333390765
"645",15,1,0.05,0.297884343611175
"646",15,2,0.05,0.217723687386372
"647",15,3,0.05,0.129234868248453
"648",15,4,0.05,0.0550581784463478
"649",15,5,0.05,0.0151711067278714
"650",15,6,0.05,0.00260040098700769
"651",15,7,0.05,0.000270574964195225
"652",15,8,0.05,1.35062378134056e-05
"653",15,9,0.05,0
"654",15,10,0.05,0
"655",15,11,0.05,0
"656",15,12,0.05,0
"657",15,13,0.05,0
"658",15,14,0.05,0
"659",15,15,0.05,0
"660",15,0,0.1,0.0251574470977929
"661",15,1,0.1,0.106355312352478
"662",15,2,0.1,0.206322387507665
"663",15,3,0.1,0.249275864451501
"664",15,4,0.1,0.205311444172099
"665",15,5,0.1,0.124281797666748
"666",15,6,0.1,0.0577548979118579
"667",15,7,0.1,0.0195193085531057
"668",15,8,0.1,0.00495771303076871
"669",15,9,0.1,0.000955890901033914
"670",15,10,0.1,9.97593583628208e-05
"671",15,11,0.1,8.17699658711646e-06
"672",15,12,0.1,0
"673",15,13,0.1,0
"674",15,14,0.1,0
"675",15,15,0.1,0
"676",16,0,0.001,0.968345617352017
"677",16,1,0.001,0.017893450188017
"678",16,2,0.001,0.00764141708529726
"679",16,3,0.001,0.0045731053650292
"680",16,4,0.001,0.00137127115859387
"681",16,5,0.001,0.000173229113460155
"682",16,6,0.001,1.90973758522908e-06
"683",16,7,0.001,0
"684",16,8,0.001,0
"685",16,9,0.001,0
"686",16,10,0.001,0
"687",16,11,0.001,0
"688",16,12,0.001,0
"689",16,13,0.001,0
"690",16,14,0.001,0
"691",16,15,0.001,0
"692",16,16,0.001,0
"693",16,0,0.01,0.714877280530203
"694",16,1,0.01,0.178158144747776
"695",16,2,0.01,0.0570366332276346
"696",16,3,0.01,0.0340090913050923
"697",16,4,0.01,0.0125487964554842
"698",16,5,0.01,0.00298677570727886
"699",16,6,0.01,0.000358196160627814
"700",16,7,0.01,2.35905117143224e-05
"701",16,8,0.01,1.49135418883647e-06
"702",16,9,0.01,0
"703",16,10,0.01,0
"704",16,11,0.01,0
"705",16,12,0.01,0
"706",16,13,0.01,0
"707",16,14,0.01,0
"708",16,15,0.01,0
"709",16,16,0.01,0
"710",16,0,0.03,0.366308807072899
"711",16,1,0.03,0.259214979484383
"712",16,2,0.03,0.183765339387334
"713",16,3,0.03,0.114767089774209
"714",16,4,0.03,0.0529299607095548
"715",16,5,0.03,0.0174345506701863
"716",16,6,0.03,0.00455792717872075
"717",16,7,0.03,0.000888416597644235
"718",16,8,0.03,0.000122928187760342
"719",16,9,0.03,1.0000937309316e-05
"720",16,10,0.03,0
"721",16,11,0.03,0
"722",16,12,0.03,0
"723",16,13,0.03,0
"724",16,14,0.03,0
"725",16,15,0.03,0
"726",16,16,0.03,0
"727",16,0,0.05,0.20621555298227
"728",16,1,0.05,0.254812887289585
"729",16,2,0.05,0.224055656832135
"730",16,3,0.05,0.165100394034476
"731",16,4,0.05,0.0948224051263231
"732",16,5,0.05,0.0401490592138354
"733",16,6,0.05,0.011900071402333
"734",16,7,0.05,0.00251744550309615
"735",16,8,0.05,0.000384807423362718
"736",16,9,0.05,3.97568894035461e-05
"737",16,10,0.05,1.96330318042203e-06
"738",16,11,0.05,0
"739",16,12,0.05,0
"740",16,13,0.05,0
"741",16,14,0.05,0
"742",16,15,0.05,0
"743",16,16,0.05,0
"744",16,0,0.1,0.0294766228407236
"745",16,1,0.1,0.096854236601792
"746",16,2,0.1,0.175906878374036
"747",16,3,0.1,0.225805569378266
"748",16,4,0.1,0.209001092982303
"749",16,5,0.1,0.145996191360933
"750",16,6,0.1,0.0762819745739495
"751",16,7,0.1,0.0292382964609699
"752",16,8,0.1,0.00861707114408678
"753",16,9,0.1,0.00223215560845249
"754",16,10,0.1,0.000512965803902566
"755",16,11,0.1,6.78925328694573e-05
"756",16,12,0.1,9.05233771592764e-06
"757",16,13,0.1,0
"758",16,14,0.1,0
"759",16,15,0.1,0
"760",16,16,0.1,0
"761",17,0,0.001,0.96355476571259
"762",17,1,0.001,0.0212308098151508
"763",17,2,0.001,0.00905259654515085
"764",17,3,0.001,0.00466704027964365
"765",17,4,0.001,0.00120178084469895
"766",17,5,0.001,0.000267097039394969
"767",17,6,0.001,2.5327988410927e-05
"768",17,7,0.001,5.60997282276481e-07
"769",17,8,0.001,2.07776771213511e-08
"770",17,9,0.001,0
"771",17,10,0.001,0
"772",17,11,0.001,0
"773",17,12,0.001,0
"774",17,13,0.001,0
"775",17,14,0.001,0
"776",17,15,0.001,0
"777",17,16,0.001,0
"778",17,17,0.001,0
"779",17,0,0.01,0.712014018642467
"780",17,1,0.01,0.160469910379837
"781",17,2,0.01,0.0681270899115453
"782",17,3,0.01,0.0410958433818722
"783",17,4,0.01,0.0144113126453998
"784",17,5,0.01,0.00333837614473558
"785",17,6,0.01,0.000499153181359612
"786",17,7,0.01,4.24776051686822e-05
"787",17,8,0.01,1.81810761422375e-06
"788",17,9,0.01,0
"789",17,10,0.01,0
"790",17,11,0.01,0
"791",17,12,0.01,0
"792",17,13,0.01,0
"793",17,14,0.01,0
"794",17,15,0.01,0
"795",17,16,0.01,0
"796",17,17,0.01,0
"797",17,0,0.03,0.277924481827122
"798",17,1,0.03,0.259965357109877
"799",17,2,0.03,0.211954615993458
"800",17,3,0.03,0.149261057304383
"801",17,4,0.03,0.0709562406437307
"802",17,5,0.03,0.0224229133857524
"803",17,6,0.03,0.00588479385217241
"804",17,7,0.03,0.00135894934667408
"805",17,8,0.03,0.000239199004915129
"806",17,9,0.03,3.0398206874631e-05
"807",17,10,0.03,1.99332504095941e-06
"808",17,11,0.03,0
"809",17,12,0.03,0
"810",17,13,0.03,0
"811",17,14,0.03,0
"812",17,15,0.03,0
"813",17,16,0.03,0
"814",17,17,0.03,0
"815",17,0,0.05,0.190906973602214
"816",17,1,0.05,0.246707786769884
"817",17,2,0.05,0.235878388693876
"818",17,3,0.05,0.181593499188527
"819",17,4,0.05,0.094393144374063
"820",17,5,0.05,0.0366122079465255
"821",17,6,0.05,0.0105210839873912
"822",17,7,0.05,0.00247002823252844
"823",17,8,0.05,0.000699879204801068
"824",17,9,0.05,0.000174969801200267
"825",17,10,0.05,3.63573612883672e-05
"826",17,11,0.05,5.68083770130737e-06
"827",17,12,0.05,0
"828",17,13,0.05,0
"829",17,14,0.05,0
"830",17,15,0.05,0
"831",17,16,0.05,0
"832",17,17,0.05,0
"833",17,0,0.1,0.00812388682509102
"834",17,1,0.1,0.0469810444397371
"835",17,2,0.1,0.126646610917634
"836",17,3,0.1,0.211962746665017
"837",17,4,0.1,0.237726245738146
"838",17,5,0.1,0.189125398707463
"839",17,6,0.1,0.109791617384078
"840",17,7,0.1,0.047947800099237
"841",17,8,0.1,0.0161372903160163
"842",17,9,0.1,0.00433397975566541
"843",17,10,0.1,0.000983830199481053
"844",17,11,0.1,0.000197119617685781
"845",17,12,0.1,3.80096123788727e-05
"846",17,13,0.1,4.41972236963636e-06
"847",17,14,0.1,0
"848",17,15,0.1,0
"849",17,16,0.1,0
"850",17,17,0.1,0
"851",18,0,0.001,0.954307239556271
"852",18,1,0.001,0.0297721988019038
"853",18,2,0.001,0.00844095199238686
"854",18,3,0.001,0.00505756186237896
"855",18,4,0.001,0.00180625476361544
"856",18,5,0.001,0.000540277150490076
"857",18,6,0.001,7.3433373646432e-05
"858",18,7,0.001,2.02184398806256e-06
"859",18,8,0.001,6.06553196418766e-08
"860",18,9,0.001,0
"861",18,10,0.001,0
"862",18,11,0.001,0
"863",18,12,0.001,0
"864",18,13,0.001,0
"865",18,14,0.001,0
"866",18,15,0.001,0
"867",18,16,0.001,0
"868",18,17,0.001,0
"869",18,18,0.001,0
"870",18,0,0.01,0.68984089764033
"871",18,1,0.01,0.16068566592229
"872",18,2,0.01,0.0708554768346545
"873",18,3,0.01,0.0511871092892116
"874",18,4,0.01,0.0207622574695868
"875",18,5,0.01,0.005790580007604
"876",18,6,0.01,0.000662777229786
"877",18,7,0.01,0.000186846772226904
"878",18,8,0.01,2.69044508171808e-05
"879",18,9,0.01,1.4843834933617e-06
"880",18,10,0.01,0
"881",18,11,0.01,0
"882",18,12,0.01,0
"883",18,13,0.01,0
"884",18,14,0.01,0
"885",18,15,0.01,0
"886",18,16,0.01,0
"887",18,17,0.01,0
"888",18,18,0.01,0
"889",18,0,0.03,0.297673796677526
"890",18,1,0.03,0.241297844173459
"891",18,2,0.03,0.191023526424383
"892",18,3,0.03,0.143012940470795
"893",18,4,0.03,0.0789944394786895
"894",18,5,0.03,0.0336695766153164
"895",18,6,0.03,0.0110723469228675
"896",18,7,0.03,0.00273204304644341
"897",18,8,0.03,0.000472547482146613
"898",18,9,0.03,4.86646588928659e-05
"899",18,10,0.03,2.27404948097504e-06
"900",18,11,0.03,0
"901",18,12,0.03,0
"902",18,13,0.03,0
"903",18,14,0.03,0
"904",18,15,0.03,0
"905",18,16,0.03,0
"906",18,17,0.03,0
"907",18,18,0.03,0
"908",18,0,0.05,0.11298816159353
"909",18,1,0.05,0.185000706469493
"910",18,2,0.05,0.219875976549982
"911",18,3,0.05,0.213086487914768
"912",18,4,0.05,0.150996783679061
"913",18,5,0.05,0.0786921670922746
"914",18,6,0.05,0.0293380360430329
"915",18,7,0.05,0.00805273387605081
"916",18,8,0.05,0.00169192902522901
"917",18,9,0.05,0.000247195270822727
"918",18,10,0.05,2.84970419447111e-05
"919",18,11,0.05,1.32544381138191e-06
"920",18,12,0.05,0
"921",18,13,0.05,0
"922",18,14,0.05,0
"923",18,15,0.05,0
"924",18,16,0.05,0
"925",18,17,0.05,0
"926",18,18,0.05,0
"927",18,0,0.1,0.0136687682043865
"928",18,1,0.1,0.0677942829546132
"929",18,2,0.1,0.164748255327556
"930",18,3,0.1,0.240229991719327
"931",18,4,0.1,0.233735519392993
"932",18,5,0.1,0.158909857299725
"933",18,6,0.1,0.0804356663627112
"934",18,7,0.1,0.0302897856680407
"935",18,8,0.1,0.00835418244168064
"936",18,9,0.1,0.0016348675937906
"937",18,10,0.1,0.000190689365555454
"938",18,11,0.1,8.13366962084874e-06
"939",18,12,0.1,0
"940",18,13,0.1,0
"941",18,14,0.1,0
"942",18,15,0.1,0
"943",18,16,0.1,0
"944",18,17,0.1,0
"945",18,18,0.1,0
"946",19,0,0.001,0.974458215950502
"947",19,1,0.001,0.0126509063621729
"948",19,2,0.001,0.0069246536698427
"949",19,3,0.001,0.00397404988022835
"950",19,4,0.001,0.00159574875258924
"951",19,5,0.001,0.000375546018214229
"952",19,6,0.001,2.03613069820188e-05
"953",19,7,0.001,5.02360696549424e-07
"954",19,8,0.001,1.56987717671695e-08
"955",19,9,0.001,0
"956",19,10,0.001,0
"957",19,11,0.001,0
"958",19,12,0.001,0
"959",19,13,0.001,0
"960",19,14,0.001,0
"961",19,15,0.001,0
"962",19,16,0.001,0
"963",19,17,0.001,0
"964",19,18,0.001,0
"965",19,19,0.001,0
"966",19,0,0.01,0.663223178060349
"967",19,1,0.01,0.182435465291108
"968",19,2,0.01,0.0780584469341468
"969",19,3,0.01,0.0478977661889085
"970",19,4,0.01,0.0203204575008041
"971",19,5,0.01,0.00657631976634004
"972",19,6,0.01,0.00116820894852329
"973",19,7,0.01,0.000130592825875792
"974",19,8,0.01,0.000154822872695858
"975",19,9,0.01,3.11783690699368e-05
"976",19,10,0.01,3.20691796147921e-06
"977",19,11,0.01,3.56324217942135e-07
"978",19,12,0.01,0
"979",19,13,0.01,0
"980",19,14,0.01,0
"981",19,15,0.01,0
"982",19,16,0.01,0
"983",19,17,0.01,0
"984",19,18,0.01,0
"985",19,19,0.01,0
"986",19,0,0.03,0.285459537238435
"987",19,1,0.03,0.244245433144155
"988",19,2,0.03,0.191083224005644
"989",19,3,0.03,0.147536969897692
"990",19,4,0.03,0.0838896779668057
"991",19,5,0.03,0.0348402774593233
"992",19,6,0.03,0.0104154481237421
"993",19,7,0.03,0.0021943202681967
"994",19,8,0.03,0.00031097247976817
"995",19,9,0.03,2.41394162377118e-05
"996",19,10,0.03,0
"997",19,11,0.03,0
"998",19,12,0.03,0
"999",19,13,0.03,0
"1000",19,14,0.03,0
"1001",19,15,0.03,0
"1002",19,16,0.03,0
"1003",19,17,0.03,0
"1004",19,18,0.03,0
"1005",19,19,0.03,0
"1006",19,0,0.05,0.17097604868754
"1007",19,1,0.05,0.212187441021338
"1008",19,2,0.05,0.223816202631246
"1009",19,3,0.05,0.196127449723313
"1010",19,4,0.05,0.122506930056262
"1011",19,5,0.05,0.0540643840820134
"1012",19,6,0.05,0.0164722642047512
"1013",19,7,0.05,0.00338445606677
"1014",19,8,0.05,0.000436496331228849
"1015",19,9,0.05,2.76833956384079e-05
"1016",19,10,0.05,6.43799898567625e-07
"1017",19,11,0.05,0
"1018",19,12,0.05,0
"1019",19,13,0.05,0
"1020",19,14,0.05,0
"1021",19,15,0.05,0
"1022",19,16,0.05,0
"1023",19,17,0.05,0
"1024",19,18,0.05,0
"1025",19,19,0.05,0
"1026",19,0,0.1,0.00820673352616915
"1027",19,1,0.1,0.0489943144832836
"1028",19,2,0.1,0.135590975908523
"1029",19,3,0.1,0.223773924713536
"1030",19,4,0.1,0.24224178218604
"1031",19,5,0.1,0.181992419485321
"1032",19,6,0.1,0.100090951271166
"1033",19,7,0.1,0.0410393482106623
"1034",19,8,0.1,0.0132573580177958
"1035",19,9,0.1,0.00352222330245465
"1036",19,10,0.1,0.000956810144532783
"1037",19,11,0.1,0.00024601095746526
"1038",19,12,0.1,6.89920028315859e-05
"1039",19,13,0.1,1.36168426641288e-05
"1040",19,14,0.1,4.5389475547096e-06
"1041",19,15,0.1,0
"1042",19,16,0.1,0
"1043",19,17,0.1,0
"1044",19,18,0.1,0
"1045",19,19,0.1,0
"1046",20,0,0.001,0.970271620968038
"1047",20,1,0.001,0.0185314466171306
"1048",20,2,0.001,0.00553615095907495
"1049",20,3,0.001,0.0036771603771981
"1050",20,4,0.001,0.0014981079139211
"1051",20,5,0.001,0.000316548004169176
"1052",20,6,0.001,0.000137041212008054
"1053",20,7,0.001,3.14753683881018e-05
"1054",20,8,0.001,4.48580072039456e-07
"1055",20,9,0.001,0
"1056",20,10,0.001,0
"1057",20,11,0.001,0
"1058",20,12,0.001,0
"1059",20,13,0.001,0
"1060",20,14,0.001,0
"1061",20,15,0.001,0
"1062",20,16,0.001,0
"1063",20,17,0.001,0
"1064",20,18,0.001,0
"1065",20,19,0.001,0
"1066",20,20,0.001,0
"1067",20,0,0.01,0.6121402231942
"1068",20,1,0.01,0.206872514303306
"1069",20,2,0.01,0.0844099130069849
"1070",20,3,0.01,0.0541548393442942
"1071",20,4,0.01,0.0288950102984453
"1072",20,5,0.01,0.0105306976494007
"1073",20,6,0.01,0.00245439634453593
"1074",20,7,0.01,0.000475145959006315
"1075",20,8,0.01,6.21465741084418e-05
"1076",20,9,0.01,5.11332571778319e-06
"1077",20,10,0.01,0
"1078",20,11,0.01,0
"1079",20,12,0.01,0
"1080",20,13,0.01,0
"1081",20,14,0.01,0
"1082",20,15,0.01,0
"1083",20,16,0.01,0
"1084",20,17,0.01,0
"1085",20,18,0.01,0
"1086",20,19,0.01,0
"1087",20,20,0.01,0
"1088",20,0,0.03,0.268566233215205
"1089",20,1,0.03,0.235479016612561
"1090",20,2,0.03,0.190494067008395
"1091",20,3,0.03,0.154683045072924
"1092",20,4,0.03,0.0914890614546707
"1093",20,5,0.03,0.0400333800550102
"1094",20,6,0.03,0.0143599542865921
"1095",20,7,0.03,0.00394184842775403
"1096",20,8,0.03,0.000805778158720897
"1097",20,9,0.03,0.000132345117667361
"1098",20,10,0.03,1.52705905000802e-05
"1099",20,11,0.03,0
"1100",20,12,0.03,0
"1101",20,13,0.03,0
"1102",20,14,0.03,0
"1103",20,15,0.03,0
"1104",20,16,0.03,0
"1105",20,17,0.03,0
"1106",20,18,0.03,0
"1107",20,19,0.03,0
"1108",20,20,0.03,0
"1109",20,0,0.05,0.164781291416011
"1110",20,1,0.05,0.206110535909079
"1111",20,2,0.05,0.216955340439802
"1112",20,3,0.05,0.188229493748883
"1113",20,4,0.05,0.129996503027564
"1114",20,5,0.05,0.0632149098982479
"1115",20,6,0.05,0.0229458170404246
"1116",20,7,0.05,0.00626991917543424
"1117",20,8,0.05,0.00131841826671363
"1118",20,9,0.05,0.00016502980604975
"1119",20,10,0.05,1.27412717906057e-05
"1120",20,11,0.05,0
"1121",20,12,0.05,0
"1122",20,13,0.05,0
"1123",20,14,0.05,0
"1124",20,15,0.05,0
"1125",20,16,0.05,0
"1126",20,17,0.05,0
"1127",20,18,0.05,0
"1128",20,19,0.05,0
"1129",20,20,0.05,0
"1130",20,0,0.1,0.00631443264782227
"1131",20,1,0.1,0.0328616634219898
"1132",20,2,0.1,0.0920786740882
"1133",20,3,0.1,0.168204716586341
"1134",20,4,0.1,0.217968340049393
"1135",20,5,0.1,0.206112979207634
"1136",20,6,0.1,0.147040835841849
"1137",20,7,0.1,0.0792386797387502
"1138",20,8,0.1,0.0336922762567306
"1139",20,9,0.1,0.011805894114729
"1140",20,10,0.1,0.00349560998671763
"1141",20,11,0.1,0.000936661517676461
"1142",20,12,0.1,0.000206047538470614
"1143",20,13,0.1,3.68906073244331e-05
"1144",20,14,0.1,5.39862546211217e-06
"1145",20,15,0.1,8.99770910352028e-07
"1146",20,16,0.1,0
"1147",20,17,0.1,0
"1148",20,18,0.1,0
"1149",20,19,0.1,0
"1150",20,20,0.1,0
