"","pool","pos","prevalence","prob_sim","prob_test","prob_bin"
"1",2,0,0.001,0.998001,0.998001,0.998001
"2",2,1,0.001,0.00169775069999998,0.00169972970999998,0.001998
"3",2,2,0.001,0.000301249299999996,0.000299270289999996,1e-06
"4",2,0,0.01,0.9801,0.9801,0.9801
"5",2,1,0.01,0.01675381,0.016920771,0.0198
"6",2,2,0.01,0.00314619,0.002979229,1e-04
"7",2,0,0.03,0.9409,0.9409,0.9409
"8",2,1,0.03,0.04867476,0.050252139,0.0582
"9",2,2,0.03,0.01042524,0.00884786100000001,9e-04
"10",2,0,0.05,0.9025,0.9025,0.9025
"11",2,1,0.05,0.07814625,0.082903275,0.095
"12",2,2,0.05,0.01935375,0.014596725,0.0025
"13",2,0,0.1,0.81,0.81,0.81
"14",2,1,0.1,0.145236,0.1615551,0.18
"15",2,2,0.1,0.044764,0.0284449,0.01
"16",3,0,0.001,0.997002999,0.997002999,0.997002999
"17",3,1,0.001,0.0021839146287,0.00216662193293,0.002994003
"18",3,2,0.001,0.0007453541487,0.00076459489512,2.997e-06
"19",3,3,0.001,6.77322226e-05,6.578417195e-05,1e-09
"20",3,0,0.01,0.970299,0.970299,0.970299
"21",3,1,0.01,0.0211500821,0.02147174393,0.029403
"22",3,2,0.01,0.00781136299999999,0.00757731911999999,0.000297
"23",3,3,0.01,0.000739554899999999,0.00065193695,1e-06
"24",3,0,0.03,0.912673,0.912673,0.912673
"25",3,1,0.03,0.059207706,0.06313130811,0.084681
"26",3,2,0.03,0.0251938395,0.02227886424,0.002619
"27",3,3,0.03,0.0029254545,0.00191682765,2.7e-05
"28",3,0,0.05,0.857375,0.857375,0.857375
"29",3,1,0.05,0.0922213250000001,0.10310789125,0.135375
"30",3,2,0.05,0.04478425,0.03638649,0.00712499999999999
"31",3,3,0.05,0.005619425,0.00313061875,0.000125
"32",3,0,0.1,0.729,0.729,0.729
"33",3,1,0.1,0.1613263,0.19591403,0.243
"34",3,2,0.1,0.09485,0.06913752,0.027
"35",3,3,0.1,0.0148237,0.00594845,0.001
"36",4,0,0.001,0.996005996001,0.996005996001,0.996005996001
"37",4,1,0.001,0.00244712625018728,0.0024382595613095,0.00398801199600001
"38",4,2,0.001,0.00130843571007239,0.00131350809515112,5.98800600000001e-06
"39",4,3,0.001,0.000226859427143198,0.000230094570382388,3.996e-09
"40",4,4,0.001,1.15826115970999e-05,1.21417721569599e-05,1e-12
"41",4,0,0.01,0.96059601,0.96059601,0.96059601
"42",4,1,0.01,0.023055274549,0.0240553478152,0.03881196
"43",4,2,0.01,0.013574674555,0.0129587901913,0.000588060000000001
"44",4,3,0.01,0.002604603739,0.0022700638639,3.96e-06
"45",4,4,0.01,0.000169437157,0.0001197881296,1e-08
"46",4,0,0.03,0.88529281,0.88529281,0.88529281
"47",4,1,0.03,0.064476911499,0.0700264453512,0.10952076
"48",4,2,0.03,0.041053703301,0.0377237535753,0.00508086
"49",4,3,0.03,0.008545685655,0.0066082812159,0.00010476
"50",4,4,0.03,0.000630889545,0.0003487098576,8.1e-07
"51",4,0,0.05,0.81450625,0.81450625,0.81450625
"52",4,1,0.05,0.0976624593750001,0.1132402245,0.171475
"53",4,2,0.05,0.070135186875,0.0610033295625,0.0135375
"54",4,3,0.05,0.01621215375,0.0106862949375,0.000475000000000001
"55",4,4,0.05,0.00148395,0.000563901,6.25e-06
"56",4,0,0.1,0.6561,0.6561,0.6561
"57",4,1,0.1,0.15427354,0.209944072,0.2916
"58",4,2,0.1,0.14000169,0.113098393,0.0486
"59",4,3,0.1,0.04532602,0.019812079,0.0036
"60",4,4,0.1,0.00429875,0.001045456,1e-04
"61",5,0,0.001,0.995009990004999,0.995009990004999,0.995009990004999
"62",5,1,0.001,0.00261326823438202,0.00260278921339251,0.00498002998000501
"63",5,2,0.001,0.00181686263917986,0.00183687257925981,9.97002998999999e-06
"64",5,3,0.001,0.000485028971514096,0.000491466084407647,9.98001000000005e-09
"65",5,4,0.001,7.33531469265145e-05,5.66865135432112e-05,4.99499999999999e-12
"66",5,5,0.001,1.4970029985003e-06,2.19560439780043e-06,1e-15
"67",5,0,0.01,0.9509900499,0.9509900499,0.9509900499
"68",5,1,0.01,0.02451477704002,0.02556358997216,0.0480298005
"69",5,2,0.01,0.01852086014279,0.018041052731311,0.000970299000000001
"70",5,3,0.01,0.00533718356589001,0.00482698998534901,9.801e-06
"71",5,4,0.01,0.000602822386230001,0.000556753033136001,4.95000000000002e-08
"72",5,5,0.01,3.43069650700001e-05,2.1564378044e-05,1e-10
"73",5,0,0.03,0.8587340257,0.8587340257,0.8587340257
"74",5,1,0.03,0.0666916664670301,0.07368433219488,0.1327939215
"75",5,2,0.03,0.05491008421041,0.052001417799573,0.008214057
"76",5,3,0.03,0.01710730948773,0.013913285808807,0.000254043
"77",5,4,0.03,0.00235914177081,0.001604781468048,3.92849999999999e-06
"78",5,5,0.03,0.00019777236402,6.21570286920001e-05,2.43e-08
"79",5,0,0.05,0.7737809375,0.7737809375,0.7737809375
"80",5,1,0.05,0.0975682816562501,0.117995863,0.2036265625
"81",5,2,0.05,0.0900351868750001,0.0832734990968751,0.021434375
"82",5,3,0.05,0.033027983125,0.022280315465625,0.001128125
"83",5,4,0.05,0.00527090415625001,0.00256984855,2.96875e-05
"84",5,5,0.05,0.0003167066875,9.95363875000001e-05,3.125e-07
"85",5,0,0.1,0.59049,0.59049,0.59049
"86",5,1,0.1,0.141117146,0.213600416,0.32805
"87",5,2,0.1,0.171953249,0.1507447261,0.0729
"88",5,3,0.1,0.078544018,0.0403326399,0.0081
"89",5,4,0.1,0.016953714,0.0046520336,0.000450000000000001
"90",5,5,0.1,0.000941873,0.0001801844,1e-05
"91",6,0,0.001,0.994014980014994,0.994014980014994,0.994014980014994
"92",6,1,0.001,0.00265675037134416,0.00265716932274311,0.00597005994002999
"93",6,2,0.001,0.00233475629615084,0.00235277120630571,1.4940089940015e-05
"94",6,3,0.001,0.000830720773918833,0.000817134778552869,1.994005998e-08
"95",6,4,0.001,0.000148428495628149,0.000146214038233697,1.4970015e-11
"96",6,5,0.001,1.37655459655138e-05,1.11919873719612e-05,5.99400000000001e-15
"97",6,6,0.001,5.985019985006e-07,5.3865179865054e-07,1e-18
"98",6,0,0.01,0.941480149401,0.941480149401,0.941480149401
"99",6,1,0.01,0.024519817400981,0.025981058070438,0.057059402994
"100",6,2,0.01,0.0230919330463654,0.0230047384689729,0.001440894015
"101",6,3,0.01,0.0091583566187435,0.00798971520228147,1.940598e-05
"102",6,4,0.01,0.0015975919213527,0.00142963995013357,1.47015e-07
"103",6,5,0.01,0.0001462996264975,0.00010943212062013,5.94000000000003e-10
"104",6,6,0.01,5.8519850599e-06,5.26678655391e-06,1e-12
"105",6,0,0.03,0.832972004929,0.832972004929,0.832972004929
"106",6,1,0.03,0.0640719389092357,0.074155418971672,0.154572124626
"107",6,2,0.03,0.0683645583825604,0.0656603751423609,0.011951452935
"108",6,3,0.03,0.0279437835753783,0.0228043321670437,0.00049284342
"109",6,4,0.03,0.00594619662452761,0.00408049391958453,1.1431935e-05
"110",6,5,0.03,0.000684814779791101,0.00031234235078277,1.41426e-07
"111",6,6,0.03,1.67027995071e-05,1.503251955639e-05,7.29000000000001e-10
"112",6,0,0.05,0.735091890625,0.735091890625,0.735091890625
"113",6,1,0.05,0.0912078620578126,0.117611253319219,0.23213428125
"114",6,2,0.05,0.107499710784375,0.104138026876406,0.030543984375
"115",6,3,0.05,0.052080934303125,0.0361679041729688,0.0021434375
"116",6,4,0.05,0.01271558925,0.00647170511203126,8.46093749999998e-05
"117",6,5,0.05,0.001324540546875,0.00049537816453125,1.78125e-06
"118",6,6,0.05,7.94724328125e-05,2.384172984375e-05,1.5625e-08
"119",6,0,0.1,0.531441,0.531441,0.531441
"120",6,1,0.1,0.1237464319,0.20802613923,0.354294
"121",6,2,0.1,0.1905160894,0.18419522849,0.0984150000000001
"122",6,3,0.1,0.1145626755,0.06397236027,0.01458
"123",6,4,0.1,0.0343453747,0.01144689637,0.001215
"124",6,5,0.1,0.0052010049,0.00087620533,5.39999999999999e-05
"125",6,6,0.1,0.0001874236,4.217031e-05,1e-06
"126",7,0,0.001,0.993020965034979,0.993020965034979,0.993020965034979
"127",7,1,0.001,0.00260806536642833,0.00263493465104366,0.00695810486010496
"128",7,2,0.001,0.00280278044195241,0.0027817735467077,2.0895209790105e-05
"129",7,3,0.001,0.00124017451328422,0.0012324975748227,3.48602098600349e-08
"130",7,4,0.001,0.000280557205593842,0.000287885192307114,3.4895104965e-11
"131",7,5,0.001,4.46658237761341e-05,3.94315475523684e-05,2.09580210000001e-14
"132",7,6,0.001,2.79161398600838e-06,2.51245258740754e-06,6.99300000000003e-18
"133",7,7,0.001,0,0,1e-21
"134",7,0,0.01,0.93206534790699,0.93206534790699,0.93206534790699
"135",7,1,0.01,0.0240760407017628,0.025648727897716,0.06590361045807
"136",7,2,0.01,0.0278939681493899,0.0270780729777529,0.00199707910479
"137",7,3,0.01,0.0125339433111604,0.0119972595596256,3.362086035e-05
"138",7,4,0.01,0.00301629855292965,0.00280230439883667,3.39604650000001e-07
"139",7,5,0.01,0.000366847121302254,0.000383830784325507,2.05821000000001e-09
"140",7,6,0.01,4.75542564651071e-05,2.44564747534836e-05,6.93000000000001e-12
"141",7,7,0.01,0,0,1.00000000000001e-14
"142",7,0,0.03,0.80798284478113,0.80798284478113,0.80798284478113
"143",7,1,0.03,0.0606006141870754,0.0724960769528844,0.17492412103509
"144",7,2,0.03,0.0756163557251911,0.0765361178986895,0.01623007308573
"145",7,3,0.03,0.0416677226824948,0.0339102296116525,0.00083660170545
"146",7,4,0.03,0.0125387202357922,0.0079207076527784,2.58742795499999e-05
"147",7,5,0.03,0.00149773381070719,0.00108489692698662,4.8014127e-07
"148",7,6,0.03,9.60085776094351e-05,6.91261758787933e-05,4.94991e-09
"149",7,7,0.03,0,0,2.187e-11
"150",7,0,0.05,0.69833729609375,0.69833729609375,0.69833729609375
"151",7,1,0.05,0.0850990487719532,0.113892753859805,0.25728216171875
"152",7,2,0.05,0.11728645927875,0.120239737149992,0.04062349921875
"153",7,3,0.05,0.0720370536928125,0.0532736335098438,0.00356346484375
"154",7,4,0.05,0.0227453678745313,0.0124435865361328,0.00018755078125
"155",7,5,0.05,0.0039819476915625,0.00170439427707031,5.92265625e-06
"156",7,6,0.05,0.000512826596640625,0.00010859857340625,1.0390625e-07
"157",7,7,0.05,0,0,7.8125e-10
"158",7,0,0.1,0.4782969,0.4782969,0.4782969
"159",7,1,0.1,0.1048623231,0.196969005405,0.3720087
"160",7,2,0.1,0.19000426902,0.207945638629,0.1240029
"161",7,3,0.1,0.15030266311,0.09213276746,0.0229635
"162",7,4,0.1,0.06140445487,0.021520252875,0.0025515
"163",7,5,0.1,0.01366862122,0.002947622515,0.0001701
"164",7,6,0.1,0.00135642806,0.000187813116,6.30000000000001e-06
"165",7,7,0.1,0.00010434062,0,1e-07
"166",8,0,0.001,0.992027944069944,0.992027944069944,0.992027944069944
"167",8,1,0.001,0.00251438644033967,0.0025767279177127,0.00794416772027983
"168",8,2,0.001,0.00316729782101125,0.00315565861935337,2.78324194404199e-05
"169",8,3,0.001,0.00171080320259002,0.0016658408071445,5.572055944028e-08
"170",8,4,0.001,0.000479917766989372,0.000483664633276498,6.97204197200702e-11
"171",8,5,0.001,9.08814376026385e-05,8.16338527237735e-05,5.58321679439999e-14
"172",8,6,0.001,7.97205593005601e-06,7.89233537075545e-06,2.79440280000001e-17
"173",8,7,0.001,7.97205593005601e-07,5.58043915103921e-07,7.99200000000001e-21
"174",8,8,0.001,0,7.97205593005601e-08,1e-24
"175",8,0,0.01,0.92274469442792,0.92274469442792,0.92274469442792
"176",8,1,0.01,0.0233542788744398,0.0249704598670077,0.0745652278325592
"177",8,2,0.01,0.0299905096230814,0.0305807401576521,0.0026361444183228
"178",8,3,0.01,0.0173592671620464,0.0161432686523418,5.32554427943999e-05
"179",8,4,0.01,0.00545422457338884,0.00468707938905809,6.72417206999999e-07
"180",8,5,0.01,0.000988867911322623,0.000791094329058099,5.43367440000001e-09
"181",8,6,0.01,0.000108157427800912,7.64827525163591e-05,2.74428000000001e-11
"182",8,7,0.01,0,5.4078713900456e-06,7.91999999999997e-14
"183",8,8,0.01,0,7.72553055720799e-07,1e-16
"184",8,0,0.03,0.783743359437696,0.783743359437696,0.783743359437696
"185",8,1,0.03,0.0569187477959984,0.0698984713625479,0.193915882747471
"186",8,2,0.03,0.0824802827104628,0.0856030286001825,0.0209908945242108
"187",8,3,0.03,0.0535883955313389,0.0451889876118991,0.0012984058468584
"188",8,4,0.03,0.0191819640178764,0.013120290382915,5.0196102327e-05
"189",8,5,0.03,0.00363311156144671,0.00221446799935799,1.2419654184e-06
"190",8,6,0.03,0.000432513281124608,0.000214094074156681,1.92056508e-08
"191",8,7,0.03,2.16256640562304e-05,1.51379648393613e-05,1.69711200000001e-10
"192",8,8,0.03,0,2.16256640562304e-06,6.56099999999999e-13
"193",8,0,0.05,0.663420431289062,0.663420431289062,0.663420431289062
"194",8,1,0.05,0.0735089778064688,0.108789248198749,0.2793349184375
"195",8,2,0.05,0.12769828836893,0.133231656478538,0.05145643234375
"196",8,3,0.05,0.0906072198969844,0.0703316666778376,0.0054164665625
"197",8,4,0.05,0.0351052490165508,0.0204202824336926,0.000356346484375
"198",8,5,0.05,0.00861643695900001,0.0034465747836,1.50040625e-05
"199",8,6,0.05,0.000875106878648438,0.000333213773023828,3.94843750000001e-07
"200",8,7,0.05,0.000168289784355469,2.35605698097656e-05,5.93750000000001e-09
"201",8,8,0.05,0,3.36579568710938e-06,3.90625e-11
"202",8,0,0.1,0.43046721,0.43046721,0.43046721
"203",8,1,0.1,0.086625937359,0.1840843883838,0.38263752
"204",8,2,0.1,0.184927296913,0.2254438595936,0.14880348
"205",8,3,0.1,0.176327351784,0.1190095717984,0.03306744
"206",8,4,0.1,0.088904068519,0.0345535543693,0.0045927
"207",8,5,0.1,0.02676804113,0.0058320157696,0.000408239999999999
"208",8,6,0.1,0.005467514784,0.0005638374621,2.268e-05
"209",8,7,0.1,0.000512579511,3.98672953e-05,7.19999999999999e-07
"210",8,8,0.1,0,5.6953279e-06,1e-08
"211",9,0,0.001,0.991035916125874,0.991035916125874,0.991035916125874
"212",9,1,0.001,0.00245884820667275,0.00243401769434142,0.00892825149662949
"213",9,2,0.001,0.0033946985631315,0.00345717822773416,3.57487547412592e-05
"214",9,3,0.001,0.00218096160657484,0.00213694795475288,8.34972583212597e-08
"215",9,4,0.001,0.00073236565251609,0.000746349623359727,1.25371258740629e-10
"216",9,5,0.001,0.00016942118522098,0.000164311657412729,1.25496755496126e-13
"217",9,6,0.001,2.68922516223779e-05,2.36651814276925e-05,8.37482519160002e-17
"218",9,7,0.001,8.96408387412595e-07,1.34461258111889e-06,3.59280359999996e-20
"219",9,8,0.001,0,2.68922516223779e-07,8.99100000000005e-24
"220",9,9,0.001,0,0,1e-27
"221",9,0,0.01,0.913517247483641,0.913517247483641,0.913517247483641
"222",9,1,0.01,0.0215342053765734,0.023482661790767,0.0830470224985128
"223",9,2,0.01,0.0327683149284485,0.0333538031629842,0.00335543525246517
"224",9,3,0.01,0.0214909640003153,0.0206166233723749,7.9084332549684e-05
"225",9,4,0.01,0.00842342009509338,0.00720055397451206,1.198247462874e-06
"226",9,5,0.01,0.00189397228010827,0.00158522885362486,1.2103509726e-08
"227",9,6,0.01,0.000371875835820344,0.000228314466643188,8.15051159999997e-11
"228",9,7,0.01,0,1.29724128774539e-05,3.52836000000002e-13
"229",9,8,0.01,0,2.59448257549078e-06,8.90999999999995e-16
"230",9,9,0.01,0,0,1e-18
"231",9,0,0.03,0.760231058654565,0.760231058654565,0.760231058654565
"232",9,1,0.03,0.0511427151889813,0.0651044606435259,0.211610707048178
"233",9,2,0.03,0.0867963567670475,0.0924716876086939,0.0261786441709086
"234",9,3,0.03,0.0637066077154821,0.0571585179273382,0.00188918050717897
"235",9,4,0.03,0.0296594180444303,0.0199631620564209,8.76423946629422e-05
"236",9,5,0.03,0.00726499892276668,0.00439496469486182,2.710589525658e-06
"237",9,6,0.03,0.00095907576538174,0.000632990005151948,5.58884438280001e-08
"238",9,7,0.03,0.000239768941345435,3.59653412018152e-05,7.40789388000001e-10
"239",9,8,0.03,0,7.19306824036305e-06,5.72775300000002e-12
"240",9,9,0.03,0,0,1.9683e-14
"241",9,0,0.05,0.630249409724609,0.630249409724609,0.630249409724609
"242",9,1,0.05,0.0669618318988733,0.100398377777477,0.298539194080078
"243",9,2,0.05,0.126639577169321,0.14260171015151,0.0628503566484375
"244",9,3,0.05,0.10667304529445,0.0881448432157504,0.0077184648515625
"245",9,4,0.05,0.051099531576059,0.030785434146329,0.000609352488281252
"246",9,5,0.05,0.015159774201291,0.00677752831974792,3.20711835937501e-05
"247",9,6,0.05,0.00292102966317559,0.000976141558327032,1.1253046875e-06
"248",9,7,0.05,0.000258825413192774,5.54625885413086e-05,2.53828125000001e-08
"249",9,8,0.05,3.69750590275391e-05,1.10925177082617e-05,3.33984375000001e-10
"250",9,9,0.05,0,0,1.953125e-12
"251",9,0,0.1,0.387420489,0.387420489,0.387420489
"252",9,1,0.1,0.0726519300046,0.16633371462183,0.387420489
"253",9,2,0.1,0.1772805104834,0.23625354000737,0.172186884
"254",9,3,0.1,0.1887970052902,0.14603282962729,0.044641044
"255",9,4,0.1,0.1171864604543,0.05100337008586,0.007440174
"256",9,5,0.1,0.0443507565964,0.01122858243663,0.000826686
"257",9,6,0.1,0.0105976255403,0.00161720990904,6.12359999999999e-05
"258",9,7,0.1,0.0016539646797,9.188692665e-05,2.916e-06
"259",9,8,0.1,6.12579511e-05,1.837738533e-05,8.10000000000002e-08
"260",9,9,0.1,0,0,1e-09
"261",10,0,0.001,0.990044880209748,0.990044880209748,0.990044880209748
"262",10,1,0.001,0.00230958779133841,0.00233238501565809,0.00991035916125874
"263",10,2,0.001,0.00356691942084721,0.00364596307198181,4.46412574831476e-05
"264",10,3,0.001,0.00261919201681524,0.0025818603176018,1.19162515804197e-07
"265",10,4,0.001,0.00113388814410968,0.00106260948641147,2.08743145803148e-10
"266",10,5,0.001,0.000262815162462647,0.000279241110116562,2.50742517481259e-13
"267",10,6,0.001,5.77396947834602e-05,4.77845749932085e-05,2.09161259160211e-16
"268",10,7,0.001,4.97755989512588e-06,5.17666229093092e-06,1.1964035988e-19
"269",10,8,0.001,0,9.95511979025177e-08,4.49100450000001e-23
"270",10,9,0.001,0,0,9.99000000000001e-27
"271",10,10,0.001,0,0,1e-30
"272",10,0,0.01,0.904382075008804,0.904382075008804,0.904382075008805
"273",10,1,0.01,0.0206056628356026,0.0224023236461872,0.091351724748364
"274",10,2,0.01,0.0343555204493366,0.0350191088487755,0.00415235112492564
"275",10,3,0.01,0.0258264015401219,0.0247985088464666,0.000111847841748839
"276",10,4,0.01,0.0112637915639628,0.0102062573135602,1.9771083137421e-06
"277",10,5,0.01,0.00294503208972882,0.00268208279600304,2.396494925748e-08
"278",10,6,0.01,0.000554583964948934,0.000458966039957739,2.017251621e-10
"279",10,7,0.01,5.73707549947173e-05,4.97213209954217e-05,1.1643588e-12
"280",10,8,0.01,9.56179249911956e-06,9.56179249911956e-07,4.41044999999999e-15
"281",10,9,0.01,0,0,9.90000000000001e-18
"282",10,10,0.01,0,0,1.00000000000001e-20
"283",10,0,0.03,0.737424126894928,0.737424126894928,0.737424126894928
"284",10,1,0.03,0.0469748236984974,0.0615189013097873,0.22806931759637
"285",10,2,0.03,0.0891182513318614,0.0961657877660015,0.0317416060572267
"286",10,3,0.03,0.0744927751999089,0.0680990526898004,0.00261786441709086
"287",10,4,0.03,0.0366293342981575,0.0280273486952354,0.000141688538038423
"288",10,5,0.03,0.0121572629247648,0.00736525324059727,5.25854367977652e-06
"289",10,6,0.03,0.00275704666760326,0.00126036419090434,1.355294762829e-07
"290",10,7,0.03,0.000341348635036593,0.000136539454014637,2.39521902120001e-09
"291",10,8,0.03,0.000105030349242029,2.62575873105072e-06,2.77796020499999e-11
"292",10,9,0.03,0,0,1.909251e-13
"293",10,10,0.03,0,0,5.90489999999998e-16
"294",10,0,0.05,0.598736939238379,0.598736939238379,0.598736939238379
"295",10,1,0.05,0.0585041542590444,0.0940119225058403,0.315124704862305
"296",10,2,0.05,0.126598495670292,0.146958583373336,0.0746347985200195
"297",10,3,0.05,0.117570076803155,0.104067574808527,0.0104750594414062
"298",10,4,0.05,0.0664892891682007,0.0428308191056955,0.000964808106445314
"299",10,5,0.05,0.0245974256246874,0.0112554288543635,6.09352488281249e-05
"300",10,6,0.05,0.00650046158433827,0.00192606269165578,2.6725986328125e-06
"301",10,7,0.05,0.000682147203294756,0.000208656791596043,8.03789062500002e-08
"302",10,8,0.05,0.000321010448609297,4.01263060761621e-06,1.58642578125001e-09
"303",10,9,0.05,0,0,1.85546875e-11
"304",10,10,0.05,0,0,9.76562500000002e-14
"305",10,0,0.1,0.3486784401,0.3486784401,0.3486784401
"306",10,1,0.1,0.05887946901496,0.152598128268971,0.387420489
"307",10,2,0.1,0.16074616098332,0.238540008097776,0.1937102445
"308",10,3,0.1,0.19539646797,0.168920246560065,0.057395628
"309",10,4,0.1,0.1419881000582,0.069522063303726,0.011160261
"310",10,5,0.1,0.06956114259732,0.018269569755195,0.0014880348
"311",10,6,0.1,0.02116795069675,0.00312634348752,0.000137781
"312",10,7,0.1,0.00306121133153,0.000338687211148,8.748e-06
"313",10,8,0.1,0.00045592509193,6.513215599e-06,3.64500000000001e-07
"314",10,9,0.1,6.513215599e-05,0,9e-09
"315",10,10,0.1,0,0,1e-10
"316",11,0,0.001,0.989054835329538,0.989054835329538,0.989054835329538
"317",11,1,0.001,0.00213759066014115,0.00216550083005082,0.0108904936823072
"318",11,2,0.001,0.00375419148196832,0.00379512639783585,5.4506975386923e-05
"319",11,3,0.001,0.0030613625583281,0.00300915412285,1.63684610771541e-07
"320",11,4,0.001,0.00145023431883616,0.00142352811704023,3.27696918461544e-10
"321",11,5,0.001,0.00043014497154914,0.000442622459273466,4.59234920766925e-13
"322",11,6,0.001,9.41284161659696e-05,9.47851260461973e-05,4.59694615382309e-16
"323",11,7,0.001,1.75122634727385e-05,1.32436492512585e-05,3.28681978680329e-19
"324",11,8,0.001,0,1.09451646704616e-06,1.64505494835e-22
"325",11,9,0.001,0,1.09451646704616e-07,5.48900549999994e-26
"326",11,10,0.001,0,0,1.09890000000001e-29
"327",11,11,0.001,0,0,1e-33
"328",11,0,0.01,0.895338254258716,0.895338254258716,0.895338254258716
"329",11,1,0.01,0.0183158055047246,0.020707326394913,0.0994820282509685
"330",11,2,0.01,0.0348104966335509,0.0362904137183327,0.00502434486116002
"331",11,3,0.01,0.0298599960599882,0.0287746537566511,0.000152252874580607
"332",11,4,0.01,0.0153015472273757,0.0136123066511113,3.07581564809307e-06
"333",11,5,0.01,0.00521215493791592,0.00423252099777751,4.34963829023261e-08
"334",11,6,0.01,0.000994286584542194,0.000906370718119516,4.39357403053799e-10
"335",11,7,0.01,0.000156992618611925,0.000126640712346953,3.16996683300001e-12
"336",11,8,0.01,1.04661745741284e-05,1.04661745741284e-05,1.60099335000001e-14
"337",11,9,0.01,0,1.04661745741284e-06,5.39054999999998e-17
"338",11,10,0.01,0,0,1.089e-19
"339",11,11,0.01,0,0,1e-22
"340",11,0,0.03,0.71530140308808,0.71530140308808,0.71530140308808
"341",11,1,0.03,0.0416229348685227,0.0563276173990233,0.243349961875326
"342",11,2,0.03,0.0886266732186806,0.0987163914932391,0.037631437403401
"343",11,3,0.03,0.0840430258083987,0.0782721852489941,0.00349157666629493
"344",11,4,0.03,0.0478008944215113,0.0370278995143643,0.000215973814409996
"345",11,5,0.03,0.0166833377790385,0.011513211259118,9.3514435105359e-06
"346",11,6,0.03,0.00483987614750264,0.00246548984925723,2.8921990238771e-07
"347",11,7,0.03,0.000996445089191719,0.000344485302263423,6.38924673905102e-09
"348",11,8,0.03,8.54095790735759e-05,2.8469859691192e-05,9.88027846245002e-11
"349",11,9,0.03,0,2.8469859691192e-06,1.0185854085e-12
"350",11,10,0.03,0,0,6.30052829999998e-15
"351",11,11,0.03,0,0,1.77147e-17
"352",11,0,0.05,0.56880009227646,0.56880009227646,0.56880009227646
"353",11,1,0.05,0.0512265490375566,0.0853129017431025,0.329305316581108
"354",11,2,0.05,0.120606614190274,0.14951425600406,0.0866592938371337
"355",11,3,0.05,0.127592052695396,0.118549790630433,0.0136830463953369
"356",11,4,0.05,0.0845583019045863,0.0560818599985237,0.00144032067319336
"357",11,5,0.05,0.0341510326917044,0.01743772426834,0.000106128891708984
"358",11,6,0.05,0.0105212777484544,0.00373419120088586,5.58573114257812e-06
"359",11,7,0.05,0.00241471948325183,0.000521751888345484,2.09989892578125e-07
"360",11,8,0.05,0.000129359972317062,4.3119990772354e-05,5.5260498046875e-09
"361",11,9,0.05,0,4.3119990772354e-06,9.69482421875004e-11
"362",11,10,0.05,0,0,1.0205078125e-12
"363",11,11,0.05,0,0,4.8828125e-15
"364",11,0,0.1,0.31381059609,0.31381059609,0.31381059609
"365",11,1,0.1,0.048239115094873,0.135762573563593,0.38354628411
"366",11,2,0.1,0.136688929258872,0.237929313911753,0.21308126895
"367",11,3,0.1,0.196867739981779,0.188654052816976,0.07102708965
"368",11,4,0.1,0.17086116157359,0.0892457938725346,0.0157837977
"369",11,5,0.1,0.092361093766286,0.0277494994941204,0.00245525742
"370",11,6,0.1,0.031839188341424,0.0059424002378606,0.00027280638
"371",11,7,0.1,0.007822559204574,0.0008302891787311,2.16513e-05
"372",11,8,0.1,0.00137237880782,6.8618940391e-05,1.20285e-06
"373",11,9,0.1,0.000137237880782,6.8618940391e-06,4.455e-08
"374",11,10,0.1,0,0,9.89999999999999e-10
"375",11,11,0.1,0,0,1e-11
"376",12,0,0.001,0.988065780494209,0.988065780494209,0.988065780494209
"377",12,1,0.001,0.00198466070381306,0.00199575952795345,0.0118686580239545
"378",12,2,0.001,0.00383446472721068,0.00388434976474489,6.53429620938433e-05
"379",12,3,0.001,0.00347166445423463,0.00344290298522567,2.18027901547692e-07
"380",12,4,0.001,0.00179848687952272,0.00178404647392071,4.9105383231462e-10
"381",12,5,0.001,0.000644447853312719,0.000640151534290635,7.86472604307701e-13
"382",12,6,0.001,0.000167079073081075,0.000155622222355516,9.18469841533856e-16
"383",12,7,0.001,2.86421268138986e-05,2.70906782781458e-05,7.88047912083957e-19
"384",12,8,0.001,3.58026585173733e-06,4.17697682702688e-06,4.93022968020495e-22
"385",12,9,0.001,1.19342195057911e-06,1.19342195057911e-07,2.19340659780002e-25
"386",12,10,0.001,0,0,6.5868066e-29
"387",12,11,0.001,0,0,1.19879999999998e-32
"388",12,12,0.001,0,0,1e-36
"389",12,0,0.01,0.886384871716129,0.886384871716129,0.886384871716129
"390",12,1,0.01,0.0158947564469135,0.0189998579029117,0.107440590511046
"391",12,2,0.01,0.0354933660758812,0.0369794519538343,0.00596892169505811
"392",12,3,0.01,0.033198340484547,0.0327768283586139,0.000200973794446401
"393",12,4,0.01,0.0195872481161393,0.0169843255271558,4.56758623741821e-06
"394",12,5,0.01,0.00728272972299612,0.00609431548114683,7.38195755542336e-08
"395",12,6,0.01,0.00181784205254193,0.00148154127282167,8.69927658046525e-10
"396",12,7,0.01,0.000306760846366451,0.000257906341204387,7.53184119520798e-12
"397",12,8,0.01,3.40845384851612e-05,3.97652948993548e-05,4.75495024949999e-14
"398",12,9,0.01,0,1.13615128283871e-06,2.13465780000002e-16
"399",12,10,0.01,0,0,6.46866000000008e-19
"400",12,11,0.01,0,0,1.188e-21
"401",12,12,0.01,0,0,1e-24
"402",12,0,0.03,0.693842360995438,0.693842360995438,0.693842360995438
"403",12,1,0.03,0.0367695324444479,0.0511987419707329,0.257508505111709
"404",12,2,0.03,0.0862446069075852,0.0996481883432049,0.0438029931375588
"405",12,3,0.03,0.0926126857988801,0.0883234172764262,0.00451577248840812
"406",12,4,0.03,0.0564860843963417,0.045767505454792,0.000314241899966545
"407",12,5,0.03,0.02482938452327,0.0164222957562047,1.55501146375197e-05
"408",12,6,0.03,0.00734778333610949,0.00399229561261949,5.61086610632155e-07
"409",12,7,0.03,0.00159201972282372,0.000694977840540356,1.48741664085108e-08
"410",12,8,0.03,0.000275541875104106,0.000107155173651597,2.87516103257294e-10
"411",12,9,0.03,0,3.06157639004562e-06,3.95211138498001e-12
"412",12,10,0.03,0,0,3.66690747059999e-14
"413",12,11,0.03,0,0,2.06199108000001e-16
"414",12,12,0.03,0,0,5.31441000000001e-19
"415",12,0,0.05,0.540360087662637,0.540360087662637,0.540360087662637
"416",12,1,0.05,0.0457341712775677,0.0768655825401773,0.341280055365876
"417",12,2,0.05,0.113990698259666,0.149603598667565,0.0987915949743325
"418",12,3,0.05,0.134260818393744,0.132601518310206,0.0173318587674268
"419",12,4,0.05,0.0990983650999355,0.0687115704953125,0.00205245695930054
"420",12,5,0.05,0.0462397751811387,0.0246550848977762,0.000172838480783203
"421",12,6,0.05,0.0157196850019378,0.00599370445687922,1.06128891708985e-05
"422",12,7,0.05,0.00367711929869891,0.00104338260100581,4.78776955078126e-07
"423",12,8,0.05,0.000781387850973518,0.000160873969318077,1.57492419433593e-08
"424",12,9,0.05,0.000137891973701209,4.59639912337363e-06,3.684033203125e-10
"425",12,10,0.05,0,0,5.81689453125001e-12
"426",12,11,0.05,0,0,5.56640625e-14
"427",12,12,0.05,0,0,2.44140625e-16
"428",12,0,0.1,0.282429536481,0.282429536481,0.282429536481
"429",12,1,0.1,0.0370266359175804,0.119999308614282,0.376572715308
"430",12,2,0.1,0.12801457069179,0.233554834466164,0.230127770466
"431",12,3,0.1,0.192524155362148,0.207011903020596,0.08523250758
"432",12,4,0.1,0.182765197058289,0.107269608591455,0.021308126895
"433",12,5,0.1,0.111510450030853,0.0384904796631592,0.003788111448
"434",12,6,0.1,0.0477184358240135,0.00935711884428776,0.000491051484000001
"435",12,7,0.1,0.0145666804094357,0.00162888495218813,4.6766808e-05
"436",12,8,0.1,0.0030137959467798,0.00025114966223165,3.24769500000001e-06
"437",12,9,0.1,0.0003587852317595,7.17570463519e-06,1.6038e-07
"438",12,10,0.1,7.17570463519e-05,0,5.34599999999998e-09
"439",12,11,0.1,0,0,1.08e-10
"440",12,12,0.1,0,0,1e-12
"441",13,0,0.001,0.987077714713715,0.987077714713715,0.987077714713715
"442",13,1,0.001,0.00184788679593879,0.00185499405284625,0.0128448551464247
"443",13,2,0.001,0.00387927004294283,0.00389115854540621,7.7146277155704e-05
"444",13,3,0.001,0.00372161816245015,0.00377356574930102,2.83152835739987e-07
"445",13,4,0.001,0.00223813981158461,0.00221332902383494,7.08590680029998e-10
"446",13,5,0.001,0.000899391055925453,0.000889957787666465,1.27673996401802e-12
"447",13,6,0.001,0.000262322391311591,0.000239320723502003,1.70402397600003e-15
"448",13,7,0.001,6.59036549600548e-05,5.11722497336896e-05,1.70572970570573e-18
"449",13,8,0.001,6.46114264314263e-06,8.14103973035971e-06,1.28057785713644e-21
"450",13,9,0.001,1.29222852862853e-06,6.46114264314263e-07,7.12144287140719e-25
"451",13,10,0.001,0,0,2.85142857714001e-28
"452",13,11,0.001,0,0,7.78440779999987e-32
"453",13,12,0.001,0,0,1.29870000000002e-35
"454",13,13,0.001,0,0,1e-39
"455",13,0,0.01,0.877521022998968,0.877521022998968,0.877521022998968
"456",13,1,0.01,0.0153711116136295,0.0175818571484982,0.115230033323097
"457",13,2,0.01,0.0348330210590935,0.0368808695545508,0.00698363838321799
"458",13,3,0.01,0.0359475797498029,0.0357663108638414,0.000258653273452518
"459",13,4,0.01,0.0230750392669945,0.0209781991807368,6.53164831950803e-06
"460",13,5,0.01,0.00947987281987989,0.00843512714606109,1.18757242172873e-07
"461",13,6,0.01,0.00291499965262457,0.00226831065405912,1.5994241370084e-09
"462",13,7,0.01,0.00068588227120578,0.000485016748924087,1.61557993637212e-11
"463",13,8,0.01,0.000159222670101342,7.71617555106503e-05,1.2239241942213e-13
"464",13,9,0.01,1.22478977001032e-05,6.12394885005161e-06,6.86826147150005e-16
"465",13,10,0.01,0,0,2.77505513999998e-18
"466",13,11,0.01,0,0,7.64477999999995e-21
"467",13,12,0.01,0,0,1.287e-23
"468",13,13,0.01,0,0,1.00000000000001e-26
"469",13,0,0.03,0.673027090165575,0.673027090165575,0.673027090165575
"470",13,1,0.03,0.0325665018195088,0.0469369612067318,0.270598520788221
"471",13,2,0.03,0.081939411204507,0.0984580826093422,0.0502141584967833
"472",13,3,0.03,0.0951164194708344,0.0954826291298489,0.00569438910788263
"473",13,4,0.03,0.0704953593603021,0.0560039199964404,0.000440287817619792
"474",13,5,0.03,0.032729988274426,0.0225186243002969,2.45108681973904e-05
"475",13,6,0.03,0.0105285276966685,0.00605553829013356,1.01075745143878e-06
"476",13,7,0.03,0.00313893993441048,0.00129481272294432,3.12605397352201e-08
"477",13,8,0.03,0.00039236749180131,0.000205992933195688,7.251156124149e-10
"478",13,9,0.03,6.53945819668851e-05,1.63486454917213e-05,1.24590311411495e-11
"479",13,10,0.03,0,0,1.54132344014221e-13
"480",13,11,0.03,0,0,1.30008537594e-15
"481",13,12,0.03,0,0,6.70147101000004e-18
"482",13,13,0.03,0,0,1.594323e-20
"483",13,0,0.05,0.513342083279505,0.513342083279505,0.513342083279505
"484",13,1,0.05,0.0362073490040048,0.0698597439452271,0.351234056980714
"485",13,2,0.05,0.107259404845197,0.146542431882876,0.11091601799391
"486",13,3,0.05,0.139816819473798,0.142113844840719,0.0214048455777721
"487",13,4,0.05,0.112758639304139,0.0833547679758864,0.00281642704970685
"488",13,5,0.05,0.0600049211316371,0.0335161307245405,0.00026681940470907
"489",13,6,0.05,0.022629593127503,0.00901290461766357,1.87241687515137e-05
"490",13,7,0.05,0.00700787400077513,0.00192716535021316,9.85482565869144e-07
"491",13,8,0.05,0.000827318458424842,0.000306594487533912,3.89006276000977e-08
"492",13,9,0.05,0.000145997375016149,2.43328958360248e-05,1.13744525146484e-09
"493",13,10,0.05,0,0,2.39462158203125e-11
"494",13,11,0.05,0,0,3.43725585937502e-13
"495",13,12,0.05,0,0,3.01513671875001e-15
"496",13,13,0.05,0,0,1.220703125e-17
"497",13,0,0.1,0.2541865828329,0.2541865828329,0.2541865828329
"498",13,1,0.1,0.0305783501038511,0.107061516034337,0.3671583974253
"499",13,2,0.1,0.113811127459699,0.224579336177357,0.2447722649502
"500",13,3,0.1,0.189660351985594,0.217792434081137,0.0997220338686001
"501",13,4,0.1,0.190406165402761,0.127742922092381,0.0277005649635
"502",13,5,0.1,0.128951139828192,0.0513641700402982,0.0055401129927
"503",13,6,0.1,0.0616041882580025,0.0138124644859347,0.0008207574804
"504",13,7,0.1,0.0225981465401631,0.00295342113198172,9.11952755999999e-05
"505",13,8,0.1,0.00678690209622061,0.000469862452815273,7.5996063e-06
"506",13,9,0.1,0.00119330146746736,3.7290670858355e-05,4.691115e-07
"507",13,10,0.1,0.00014916268343342,0,2.08494e-08
"508",13,11,0.1,7.458134171671e-05,0,6.318e-10
"509",13,12,0.1,0,0,1.17e-11
"510",13,13,0.1,0,0,1e-13
"511",14,0,0.001,0.986090636999001,0.986090636999001,0.986090636999001
"512",14,1,0.001,0.00169694228612188,0.00169054397914142,0.013819088005992
"513",14,2,0.001,0.00374718239246913,0.00386290829263744,8.99139860249732e-05
"514",14,3,0.001,0.0040698796140923,0.00410938220501514,3.60015960059952e-07
"515",14,4,0.001,0.0027276260844959,0.00263957981669958,9.91034925089963e-10
"516",14,5,0.001,0.00116560461948371,0.00114432329409219,1.984053904084e-12
"517",14,6,0.001,0.000395025909228371,0.000362338906176024,2.97905991604202e-15
"518",14,7,0.001,8.76289869062936e-05,8.2204335335904e-05,3.40804795200003e-18
"519",14,8,0.001,1.94731082013986e-05,1.57175801911289e-05,2.98502698498502e-21
"520",14,9,0.001,0,2.08640445014985e-06,1.99200999999e-24
"521",14,10,0.001,0,2.7818726001998e-07,9.97002001997006e-28
"522",14,11,0.001,0,0,3.62909091636007e-31
"523",14,12,0.001,0,0,9.08180910000007e-35
"524",14,13,0.001,0,0,1.39860000000001e-38
"525",14,14,0.001,0,0,1e-42
"526",14,0,0.01,0.868745812768978,0.868745812768978,0.868745812768978
"527",14,1,0.01,0.014254204733289,0.0159526339160584,0.122852943219856
"528",14,2,0.01,0.0337979532119881,0.0364519128777994,0.00806610233261678
"529",14,3,0.01,0.038536229371028,0.0387777370755331,0.000325903124550172
"530",14,4,0.01,0.0259358273968499,0.024908107110831,9.05286457083813e-06
"531",14,5,0.01,0.0126266528116243,0.0107982819834962,1.82886152946225e-07
"532",14,6,0.01,0.00468577448414748,0.00341917157736812,2.77100231736704e-09
"533",14,7,0.01,0.00112878601018679,0.000775712246535339,3.19884827401679e-11
"534",14,8,0.01,0.000196881280846533,0.000148317231571055,2.82726488865121e-13
"535",14,9,0.01,9.18779310617152e-05,1.96881280846533e-05,1.90388207989979e-15
"536",14,10,0.01,0,2.62508374462044e-06,9.61556606010004e-18
"537",14,11,0.01,0,0,3.53188836e-20
"538",14,12,0.01,0,0,8.91891000000007e-23
"539",14,13,0.01,0,0,1.38600000000001e-25
"540",14,14,0.01,0,0,1.00000000000001e-28
"541",14,0,0.03,0.652836277460607,0.652836277460607,0.652836277460608
"542",14,1,0.03,0.0269051884968029,0.0421942788374378,0.282671377869541
"543",14,2,0.03,0.0802295362788536,0.0964143090236401,0.0568256893655264
"544",14,3,0.03,0.0987680790624572,0.102566050187038,0.00702998218954965
"545",14,4,0.03,0.0780424048268555,0.0658812596263005,0.000597910856327676
"546",14,5,0.03,0.0415902139602192,0.0285611594533158,3.69841766800625e-05
"547",14,6,0.03,0.0165249931928751,0.00904361497215118,1.71576077381733e-06
"548",14,7,0.03,0.00413124829821877,0.00205173760020781,6.06454470863267e-08
"549",14,8,0.03,0.000867909306348482,0.000392295006469514,1.64117833609904e-09
"550",14,9,0.03,0.000104149116761818,5.20745583809089e-05,3.38387285793618e-11
"551",14,10,0.03,0,6.94327445078785e-06,5.23279307928278e-13
"552",14,11,0.03,0,0,5.88505313508839e-15
"553",14,12,0.03,0,0,4.55029881579003e-17
"554",14,13,0.03,0,0,2.165090634e-19
"555",14,14,0.03,0,0,4.782969e-22
"556",14,0,0.05,0.48767497911553,0.48767497911553,0.48767497911553
"557",14,1,0.05,0.0313542912781296,0.0622679830382985,0.359339458295654
"558",14,2,0.05,0.0959584764116613,0.142282904800035,0.12293191994325
"559",14,3,0.05,0.142323890801706,0.151361304170108,0.0258804041985789
"560",14,4,0.05,0.123572795037334,0.097223919213246,0.00374584797611011
"561",14,5,0.05,0.0726989204635063,0.0421489794681654,0.000394299786958959
"562",14,6,0.05,0.0329937313449599,0.0133460667940405,3.11289305493915e-05
"563",14,7,0.05,0.0105026629281316,0.00302784087342722,1.87241687515137e-06
"564",14,8,0.05,0.00271532261068769,0.000578927273599452,8.62297245135502e-08
"565",14,9,0.05,0.000204930008353788,7.68487531326706e-05,3.02560436889651e-09
"566",14,10,0.05,0,1.02465004176894e-05,7.96211676025393e-11
"567",14,11,0.05,0,0,1.52385009765626e-12
"568",14,12,0.05,0,0,2.00506591796875e-14
"569",14,13,0.05,0,0,1.62353515625e-16
"570",14,14,0.05,0,0,6.10351562500001e-19
"571",14,0,0.1,0.22876792454961,0.22876792454961,0.22876792454961
"572",14,1,0.1,0.0252964120747728,0.0937355464502404,0.35586121596606
"573",14,2,0.1,0.0941674364124926,0.214186571994082,0.25701087819771
"574",14,3,0.1,0.168668454901,0.227852804371063,0.11422705697676
"575",14,4,0.1,0.200983078862372,0.14635671095822,0.03490271185401
"576",14,5,0.1,0.152009842071272,0.0634492628473036,0.00775615818978
"577",14,6,0.1,0.0839100498090024,0.0200905955654827,0.00129269303163
"578",14,7,0.1,0.0344740737726324,0.0045579815659118,0.00016415149608
"579",14,8,0.1,0.00871492245258941,0.000871492245258941,1.595917323e-05
"580",14,9,0.1,0.00231369622635117,0.000115684811317558,1.18216098e-06
"581",14,10,0.1,0.000616985660360312,1.54246415090078e-05,6.56756100000003e-08
"582",14,11,0.1,7.7123207545039e-05,0,2.65356e-09
"583",14,12,0.1,0,0,7.37100000000001e-11
"584",14,13,0.1,0,0,1.26000000000001e-12
"585",14,14,0.1,0,0,1.00000000000001e-14
"586",15,0,0.001,0.985104546362002,0.985104546362002,0.985104546362002
"587",15,1,0.001,0.0014925244545274,0.00152171954365788,0.014791359554985
"588",15,2,0.001,0.0038221734035103,0.00379491472335276,0.00010364316004494
"589",15,3,0.001,0.00435245155302303,0.00432817196359309,4.49569930124866e-07
"590",15,4,0.001,0.0030520784504258,0.0030706977674733,1.35005985022482e-09
"591",15,5,0.001,0.00145528582043241,0.00149118386369998,2.97310477526985e-12
"592",15,6,0.001,0.000522830422693731,0.000521191922793552,4.96013476021e-15
"593",15,7,0.001,0.00015342317247138,0.000134356991814742,6.38369982009008e-18
"594",15,8,0.001,4.31968155501943e-05,2.84503164485763e-05,6.39008991000008e-21
"595",15,9,0.001,1.4895453637998e-06,3.87281794587949e-06,4.97504497497506e-24
"596",15,10,0.001,0,8.93727218279883e-07,2.98801499998498e-27
"597",15,11,0.001,0,0,1.35954818454136e-30
"598",15,12,0.001,0,0,4.53636364544996e-34
"599",15,13,0.001,0,0,1.04790105000002e-37
"600",15,14,0.001,0,0,1.49849999999998e-41
"601",15,15,0.001,0,0,1e-45
"602",15,0,0.01,0.860058354641288,0.860058354641288,0.860058354641289
"603",15,1,0.01,0.013574339599795,0.014296438489846,0.130311871915347
"604",15,2,0.01,0.032690368355795,0.0356529329880389,0.00921397074148916
"605",15,3,0.01,0.0396174798010512,0.0406628438918808,0.000403305116630839
"606",15,4,0.01,0.0298355587904773,0.0288489701906984,1.22213671706314e-05
"607",15,5,0.01,0.0160233183935725,0.0140095581168606,2.71585937125144e-07
"608",15,6,0.01,0.00621340905392679,0.00489655817110132,4.57215382365561e-09
"609",15,7,0.01,0.00156734642801757,0.00126227364113558,5.93786210864367e-11
"610",15,8,0.01,0.000349854113396779,0.000267288542635139,5.99784051378146e-13
"611",15,9,0.01,6.99708226793558e-05,3.6384827793265e-05,4.71210814775203e-15
"612",15,10,0.01,0,8.39649872152269e-06,2.85582311984973e-17
"613",15,11,0.01,0,0,1.31121355365001e-19
"614",15,12,0.01,0,0,4.41486045000002e-22
"615",15,13,0.01,0,0,1.029105e-24
"616",15,14,0.01,0,0,1.48499999999999e-27
"617",15,15,0.01,0,0,1e-30
"618",15,0,0.03,0.633251189136789,0.633251189136789,0.633251189136789
"619",15,1,0.03,0.0240587219926266,0.0374670585177856,0.293776324857274
"620",15,2,0.03,0.0755502550378214,0.0934365945436202,0.0636010600206468
"621",15,3,0.03,0.101369371322591,0.106566201972523,0.00852385340482895
"622",15,4,0.03,0.0865160444826314,0.0756052673594509,0.000790872996324337
"623",15,5,0.03,0.0489242913691523,0.036715223455516,5.38119770694909e-05
"624",15,6,0.03,0.0214914803165842,0.0128325408921037,2.77381325100469e-06
"625",15,7,0.03,0.0066014785955378,0.00330807427398616,1.10298906888257e-07
"626",15,8,0.03,0.00176039429214341,0.000700490228748733,3.4113063986059e-09
"627",15,9,0.03,0.000403423691949532,9.53546908244348e-05,8.20589168049528e-11
"628",15,10,0.03,3.66748810863211e-05,2.20049286517927e-05,1.52274278607128e-12
"629",15,11,0.03,3.66748810863211e-05,0,2.14068807788839e-14
"630",15,12,0.03,0,0,2.20689492565815e-16
"631",15,13,0.03,0,0,1.57510343623499e-18
"632",15,14,0.03,0,0,6.95921989499999e-21
"633",15,15,0.03,0,0,1.43489069999999e-23
"634",15,0,0.05,0.463291230159753,0.463291230159753,0.463291230159753
"635",15,1,0.05,0.0262987297221721,0.0548301679268796,0.365756234336647
"636",15,2,0.05,0.0919918831506183,0.1367372932922,0.13475229686087
"637",15,3,0.05,0.137236432448151,0.155951467252481,0.0307329799858125
"638",15,4,0.05,0.132942762289429,0.110642512902567,0.00485257578723355
"639",15,5,0.05,0.084853656511743,0.0537299149487071,0.000561877196416517
"640",15,6,0.05,0.0423999928173795,0.0187794398567102,4.928747336987e-05
"641",15,7,0.05,0.0157255669563192,0.00484111310395903,3.33524255886338e-06
"642",15,8,0.05,0.004347341035706,0.00102511375039487,1.75539082045441e-07
"643",15,9,0.05,0.000644050523808296,0.000139544280158464,7.18581037612917e-09
"644",15,10,0.05,0.000214683507936099,3.22025261904148e-05,2.26920327667236e-10
"645",15,11,0.05,5.36708769840247e-05,0,5.42871597290039e-12
"646",15,12,0.05,0,0,9.5240631103516e-14
"647",15,13,0.05,0,0,1.15676879882813e-15
"648",15,14,0.05,0,0,8.69750976562497e-18
"649",15,15,0.05,0,0,3.05175781250001e-20
"650",15,0,0.1,0.205891132094649,0.205891132094649,0.205891132094649
"651",15,1,0.1,0.0189792019429379,0.0811261619452106,0.343151886824415
"652",15,2,0.1,0.0779814908283055,0.202315116276246,0.266895911974545
"653",15,3,0.1,0.164062892109246,0.230744213747258,0.128505439098855
"654",15,4,0.1,0.192333167806676,0.163705543118688,0.0428351463662851
"655",15,5,0.1,0.167477560241239,0.0794982387660047,0.010470813556203
"656",15,6,0.1,0.103472385488067,0.0277858692880082,0.001939039547445
"657",15,7,0.1,0.0475671211875305,0.00716286198850627,0.000277005649635
"658",15,8,0.1,0.0161998209052692,0.00151674793769922,3.0778405515e-05
"659",15,9,0.1,0.00500288586780371,0.000206468305655391,2.659862205e-06
"660",15,10,0.1,0.000952930641486421,4.76465320743211e-05,1.77324147e-07
"661",15,11,0.1,0,0,8.95576499999999e-09
"662",15,12,0.1,7.94108867905351e-05,0,3.31695000000002e-10
"663",15,13,0.1,0,0,8.50500000000001e-12
"664",15,14,0.1,0,0,1.35000000000001e-13
"665",15,15,0.1,0,0,1e-15
"666",16,0,0.001,0.98411944181564,0.98411944181564,0.98411944181564
"667",16,1,0.001,0.00133079077584937,0.00136604561501865,0.015761672741792
"668",16,2,0.001,0.00354771669838604,0.00367873130340701,0.00011833087643988
"669",16,3,0.001,0.00460536187346442,0.00451404866390435,5.52763520239682e-07
"670",16,4,0.001,0.00357630170311789,0.00349864577359637,1.79827972049946e-09
"671",16,5,0.001,0.00183420447029359,0.00184405041636789,4.32019152071942e-12
"672",16,6,0.001,0.000681275946109047,0.000701444255003184,7.92827940071964e-15
"673",16,7,0.001,0.000238208372765401,0.000217087230380202,1.13374508804801e-17
"674",16,8,0.001,5.39938978268242e-05,5.0500175026265e-05,1.27673996401803e-20
"675",16,9,0.001,1.11163907290521e-05,8.41669583771084e-06,1.13601598400001e-23
"676",16,10,0.001,1.58805581843601e-06,1.58805581843601e-06,7.96007195996001e-27
"677",16,11,0.001,0,0,4.34620363634182e-30
"678",16,12,0.001,0,0,1.81273091272182e-33
"679",16,13,0.001,0,0,5.58321679439995e-37
"680",16,14,0.001,0,0,1.19760120000001e-40
"681",16,15,0.001,0,0,1.59840000000001e-44
"682",16,16,0.001,0,0,1e-48
"683",16,0,0.01,0.851457771094876,0.851457771094876,0.851457771094876
"684",16,1,0.01,0.0111109587221033,0.0127776025304188,0.137609336742606
"685",16,2,0.01,0.0310304716182805,0.0344098073258721,0.0104249497532277
"686",16,3,0.01,0.0417849289910115,0.0422231285662816,0.000491411772879422
"687",16,4,0.01,0.0347885900095802,0.032725338450088,1.61322046652336e-05
"688",16,5,0.01,0.0191619475287611,0.0172487236204631,3.91083749460207e-07
"689",16,6,0.01,0.00769448745728545,0.00656111025073935,7.24229165667052e-09
"690",16,7,0.01,0.00222813343357687,0.00203057226913305,1.04506373112129e-10
"691",16,8,0.01,0.000638731584292035,0.000472364287918296,1.18757242172873e-12
"692",16,9,0.01,8.91253373430747e-05,7.8727381319716e-05,1.0662827580056e-14
"693",16,10,0.01,0,1.48542228905124e-05,7.53937303640326e-17
"694",16,11,0.01,1.48542228905124e-05,0,4.15392453796317e-19
"695",16,12,0.01,0,0,1.74828473820001e-21
"696",16,13,0.01,0,0,5.43367440000006e-24
"697",16,14,0.01,0,0,1.17611999999999e-26
"698",16,15,0.01,0,0,1.58400000000003e-29
"699",16,16,0.01,0,0,1.00000000000001e-32
"700",16,0,0.03,0.614253653462685,0.614253653462685,0.614253653462686
"701",16,1,0.03,0.0221418402912419,0.0331819007291398,0.303960570785659
"702",16,2,0.03,0.0674284613747226,0.0893581411753689,0.0705063179657456
"703",16,3,0.03,0.0967837583462122,0.109648399003232,0.0101761696033035
"704",16,4,0.03,0.094662153440257,0.0849837776056358,0.00102286240857948
"705",16,5,0.03,0.0612565198301255,0.044792865759913,7.59238076471363e-05
"706",16,6,0.03,0.0300496403952568,0.0170384161265532,4.30495816555927e-06
"707",16,7,0.03,0.00987510647135525,0.00527315255716509,1.9020433721175e-07
"708",16,8,0.03,0.00277737369506866,0.00122667338198866,6.61793441329543e-09
"709",16,9,0.03,0.000655768789113435,0.000204445563664777,1.81936341258982e-10
"710",16,10,0.03,0.000115723903961194,3.85746346537315e-05,3.93882800663773e-12
"711",16,11,0.03,0,0,6.64469579376565e-14
"712",16,12,0.03,0,0,8.56275231155369e-16
"713",16,13,0.03,0,0,8.14853511012243e-18
"714",16,14,0.03,0,0,5.40035463852005e-20
"715",16,15,0.03,0,0,2.2269503664e-22
"716",16,16,0.03,0,0,4.30467209999999e-25
"717",16,0,0.05,0.440126668651765,0.440126668651765,0.440126668651766
"718",16,1,0.05,0.022842831919008,0.0481603039625751,0.370632984127803
"719",16,2,0.05,0.0812376203786289,0.129694657206819,0.146302493734659
"720",16,3,0.05,0.134481574189846,0.159143994435736,0.0359339458295654
"721",16,4,0.05,0.141312028832294,0.12334569362933,0.0061465959971625
"722",16,5,0.05,0.100553250310143,0.065012491236157,0.000776412125957367
"723",16,6,0.05,0.0519562451491162,0.0247296050456515,7.49169595222023e-05
"724",16,7,0.05,0.0198195159297275,0.00765346843953037,5.63285409941369e-06
"725",16,8,0.05,0.00610261931169576,0.00178039719368739,3.33524255886337e-07
"726",16,9,0.05,0.00128770866210094,0.000296732865614564,1.56034739595947e-08
"727",16,10,0.05,0.000223949332539294,5.59873331348235e-05,5.74864830090332e-10
"728",16,11,0.05,5.59873331348235e-05,0,1.65032965576172e-11
"729",16,12,0.05,0,0,3.6191439819336e-13
"730",16,13,0.05,0,0,5.86096191406253e-15
"731",16,14,0.05,0,0,6.61010742187503e-17
"732",16,15,0.05,0,0,4.63867187500002e-19
"733",16,16,0.05,0,0,1.52587890625e-21
"734",16,0,0.1,0.185302018885184,0.185302018885184,0.185302018885184
"735",16,1,0.1,0.0158866106317389,0.0700803203354965,0.329425811351438
"736",16,2,0.1,0.0679458116249756,0.188724787325247,0.274521509459532
"737",16,3,0.1,0.150148837919461,0.231577901131886,0.142344486386424
"738",16,4,0.1,0.185669669896067,0.179486112219405,0.051402175639542
"739",16,5,0.1,0.180700012211266,0.0946027295670524,0.0137072468372112
"740",16,6,0.1,0.119353254233321,0.0359852098258414,0.0027922169483208
"741",16,7,0.1,0.0609394089873882,0.0111369214018395,0.000443209039416
"742",16,8,0.1,0.0235447716542182,0.00259073957994511,5.5401129927e-05
"743",16,9,0.1,0.00806551001303668,0.000431789929990852,5.47171653599999e-06
"744",16,10,0.1,0.00162939596222963,8.14697981114816e-05,4.25577952799999e-07
"745",16,11,0.1,0.000488818788668889,0,2.57926031999999e-08
"746",16,12,0.1,0.000244409394334445,0,1.194102e-09
"747",16,13,0.1,8.14697981114816e-05,0,4.08240000000001e-11
"748",16,14,0.1,0,0,9.71999999999997e-13
"749",16,15,0.1,0,0,1.43999999999999e-14
"750",16,16,0.1,0,0,1e-16
"751",17,0,0.001,0.983135322373824,0.983135322373824,0.983135322373824
"752",17,1,0.001,0.00115185748186779,0.0012488293782183,0.0167300305108659
"753",17,2,0.001,0.00345051304231553,0.00350515459782434,0.000133974218305232
"754",17,3,0.001,0.00471367739651608,0.00469343978336467,6.7054163315932e-07
"755",17,4,0.001,0.00400536093621671,0.00388680225250469,2.34924496101864e-09
"756",17,5,0.001,0.0021704840104888,0.00220050313666339,6.11415104969818e-12
"757",17,6,0.001,0.00097477836679295,0.000939362543777981,1.22405426420384e-14
"758",17,7,0.001,0.000305250665033779,0.000307443073125181,1.92543928303192e-17
"759",17,8,0.001,7.25181137925551e-05,6.56035959658231e-05,2.40920831210199e-20
"760",17,9,0.001,1.68646776261756e-05,1.58527969686051e-05,2.41161993203402e-23
"761",17,10,0.001,3.37293552523512e-06,1.34917421009405e-06,1.93122717280002e-26
"762",17,11,0.001,0,3.37293552523512e-07,1.23019293926657e-29
"763",17,12,0.001,0,0,6.15712181815083e-33
"764",17,13,0.001,0,0,2.37049427048238e-36
"765",17,14,0.001,0,0,6.77962039319998e-40
"766",17,15,0.001,0,0,1.35728136e-43
"767",17,16,0.001,0,0,1.69830000000003e-47
"768",17,17,0.001,0,0,1e-51
"769",17,0,0.01,0.842943193383927,0.842943193383927,0.842943193383927
"770",17,1,0.01,0.00987887313615101,0.0116300565299202,0.144747821086129
"771",17,2,0.01,0.0296837364504378,0.0326426866870847,0.0116967936231215
"772",17,3,0.01,0.0422325752990621,0.0437089092812532,0.000590747152682906
"773",17,4,0.01,0.0379920415204281,0.0361968822208064,2.08850003473754e-05
"774",17,5,0.01,0.0225062403880833,0.0204927721272652,5.4849495861794e-07
"775",17,6,0.01,0.0103500435559992,0.00874806412851528,1.10807062347058e-08
"776",17,7,0.01,0.00336101566158397,0.00286314558461102,1.75884225947712e-10
"777",17,8,0.01,0.000863812436388403,0.000610950977736525,2.22076042863274e-12
"778",17,9,0.01,0.000141351125954466,0.000147633398219109,2.24319235215427e-14
"779",17,10,0.01,4.7117041984822e-05,1.25645445292859e-05,1.81268068860952e-16
"780",17,11,0.01,0,3.14113613232147e-06,1.16517583289868e-18
"781",17,12,0.01,0,0,5.88472642878119e-21
"782",17,13,0.01,0,0,2.2862185038e-23
"783",17,14,0.01,0,0,6.59803320000005e-26
"784",17,15,0.01,0,0,1.332936e-28
"785",17,16,0.01,0,0,1.68300000000001e-31
"786",17,17,0.01,0,0,1.00000000000001e-34
"787",17,0,0.03,0.595826043858805,0.595826043858805,0.595826043858805
"788",17,1,0.03,0.017581567092142,0.0299290814522555,0.31326936326597
"789",17,2,0.03,0.0616769457071464,0.084003515044386,0.077509945550343
"790",17,3,0.03,0.0979717669686257,0.112481611994095,0.0119860740541768
"791",17,4,0.03,0.102660184859864,0.0931499716718612,0.0012974616244212
"792",17,5,0.03,0.0701645987861115,0.0527366177973031,0.000104331965675106
"793",17,6,0.03,0.0346781254369145,0.0225124893570646,6.45352365000658e-06
"794",17,7,0.03,0.013863166695643,0.00736809122045399,3.13646952062176e-07
"795",17,8,0.03,0.00448633091316727,0.00157223668938925,1.21255264972491e-08
"796",17,9,0.03,0.000565843538597673,0.000379923518772723,3.75016283420073e-10
"797",17,10,0.03,0.000485008747369434,3.23339164912956e-05,9.278753404208e-12
"798",17,11,0.03,4.04173956141195e-05,8.0834791228239e-06,1.82618389398659e-13
"799",17,12,0.03,0,0,2.82399571235038e-15
"800",17,13,0.03,0,0,3.35923359914796e-17
"801",17,14,0.03,0,0,2.96839493297317e-19
"802",17,15,0.03,0,0,1.83612057709681e-21
"803",17,16,0.03,0,0,7.09840429290004e-24
"804",17,17,0.03,0,0,1.29140163e-26
"805",17,0,0.05,0.418120335219177,0.418120335219177,0.418120335219177
"806",17,1,0.05,0.0201330364014165,0.0430881891770199,0.374107668354001
"807",17,2,0.05,0.0741896572595549,0.120937869528046,0.157519018254316
"808",17,3,0.05,0.128595405916562,0.161937110708503,0.04145237322482
"809",17,4,0.05,0.146109983826465,0.134105806342036,0.00763596348878264
"810",17,5,0.05,0.111080828006659,0.0759236586606018,0.00104492131951763
"811",17,6,0.05,0.0618538083662015,0.0324106973282918,0.00010999171784396
"812",17,7,0.05,0.0281629757753918,0.0106076662889544,9.09705937055314e-06
"813",17,8,0.05,0.00867000700523426,0.0022635118959974,5.98490748062705e-07
"814",17,9,0.05,0.00244389459207946,0.000546966884893973,3.14995130559318e-08
"815",17,10,0.05,0.000581879664780823,4.65503731824658e-05,1.32629528656555e-09
"816",17,11,0.05,5.81879664780823e-05,1.16375932956165e-05,4.4421373234253e-11
"817",17,12,0.05,0,0,1.16898350616456e-12
"818",17,13,0.05,0,0,2.36636337280274e-14
"819",17,14,0.05,0,0,3.55844116210939e-16
"820",17,15,0.05,0,0,3.7457275390625e-18
"821",17,16,0.05,0,0,2.46429443359375e-20
"822",17,17,0.05,0,0,7.62939453125002e-23
"823",17,0,0.1,0.166771816996666,0.166771816996666,0.166771816996666
"824",17,1,0.1,0.010998612015644,0.0617005469513969,0.315013432104813
"825",17,2,0.1,0.0534932493488141,0.173178145555413,0.280011939648723
"826",17,3,0.1,0.130233565003421,0.231887403329828,0.155562188693735
"827",17,4,0.1,0.180977161348324,0.192034099336778,0.0604964067142302
"828",17,5,0.1,0.189059474723457,0.108719613318275,0.0174767397174443
"829",17,6,0.1,0.142148728020369,0.0464108097932857,0.00388371993720983
"830",17,7,0.1,0.0779068351108118,0.0151897497761508,0.000678109830306482
"831",17,8,0.1,0.03499558368614,0.00324125763188297,9.41819208759001e-05
"832",17,9,0.1,0.00983209255943934,0.000783234492023134,1.04646578751e-05
"833",17,10,0.1,0.002999621458812,6.66582546402667e-05,9.30191811120002e-07
"834",17,11,0.1,0.000499936909802001,1.66645636600667e-05,6.57711381599999e-08
"835",17,12,0.1,8.33228183003334e-05,0,3.65395211999999e-09
"836",17,13,0.1,0,0,1.56151799999999e-10
"837",17,14,0.1,0,0,4.9572e-12
"838",17,15,0.1,0,0,1.10160000000001e-13
"839",17,16,0.1,0,0,1.53e-15
"840",17,17,0.1,0,0,1.00000000000001e-17
"841",18,0,0.001,0.98215218705145,0.98215218705145,0.982152187051451
"842",18,1,0.001,0.00116724696683514,0.00111102635604721,0.0176964358027288
"843",18,2,0.001,0.00337502142857072,0.00337412903792329,0.000150570274597793
"844",18,3,0.001,0.00471003783712222,0.00482997514013648,8.03845309831393e-07
"845",18,4,0.001,0.0041442621666532,0.00417852996751442,3.01743734921694e-09
"846",18,5,0.001,0.00265753934803903,0.00259310874329476,8.45728185966712e-12
"847",18,6,0.001,0.00116546218554028,0.00119294781748105,1.83424531490945e-14
"848",18,7,0.001,0.000464043136662288,0.000419780560549885,3.14756810795273e-17
"849",18,8,0.001,0.000124934690639847,0.000114761437259174,4.3322383868218e-20
"850",18,9,0.001,3.56956258970991e-05,2.76641100702518e-05,4.81841662420406e-23
"851",18,10,0.001,3.56956258970991e-06,5.17586575507937e-06,4.34091587766124e-26
"852",18,11,0.001,0,5.35434388456486e-07,3.16018991912733e-29
"853",18,12,0.001,0,1.78478129485495e-07,1.84528940889984e-32
"854",18,13,0.001,0,0,8.52524559436285e-36
"855",18,14,0.001,0,0,3.04777834776302e-39
"856",18,15,0.001,0,0,8.13554447184007e-43
"857",18,16,0.001,0,0,1.52694153000001e-46
"858",18,17,0.001,0,0,1.79820000000002e-50
"859",18,18,0.001,0,0,1e-54
"860",18,0,0.01,0.834513761450087,0.834513761450087,0.834513761450088
"861",18,1,0.01,0.00976368807444484,0.0103015183497321,0.151729774809107
"862",18,2,0.01,0.0282650495443251,0.031285173397861,0.0130273038977516
"863",18,3,0.01,0.0425630605550375,0.0447838858763773,0.000701807617387291
"864",18,4,0.01,0.03783015413251,0.0387436381693055,2.65836218707308e-05
"865",18,5,0.01,0.0275700073424154,0.0240434955989168,7.51860012505515e-07
"866",18,6,0.01,0.0130237669738781,0.0110611001846762,1.64548487585382e-08
"867",18,7,0.01,0.00486529541336743,0.00389223633069394,2.84932446035292e-10
"868",18,8,0.01,0.00119150091755937,0.00106407651387594,3.95739508382352e-12
"869",18,9,0.01,0.000330972477099825,0.000256503669752364,4.44152085726547e-14
"870",18,10,0.01,6.6194495419965e-05,4.79910091794746e-05,4.03774623387771e-16
"871",18,11,0.01,1.65486238549913e-05,4.96458715649738e-06,2.96620476317921e-18
"872",18,12,0.01,0,1.65486238549913e-06,1.747763749348e-20
"873",18,13,0.01,0,0,8.14808274754315e-23
"874",18,14,0.01,0,0,2.93942379059999e-25
"875",18,15,0.01,0,0,7.91763983999991e-28
"876",18,16,0.01,0,0,1.49955299999999e-30
"877",18,17,0.01,0,0,1.78200000000001e-33
"878",18,18,0.01,0,0,1e-36
"879",18,0,0.03,0.577951262543041,0.577951262543041,0.577951262543041
"880",18,1,0.03,0.0157424179071446,0.0262725339066957,0.321746063683755
"881",18,2,0.03,0.0585381598852803,0.0797883138162381,0.0845827280818118
"882",18,3,0.03,0.0958050634027298,0.114214829330602,0.0139517901990617
"883",18,4,0.03,0.103401940676955,0.0988100504134233,0.00161811999731386
"884",18,5,0.03,0.0770660994596408,0.0613194610651216,0.000140125855437489
"885",18,6,0.03,0.0450748051604033,0.0282097376116232,9.38987691075961e-06
"886",18,7,0.03,0.0175150226044638,0.00992658630498768,4.97843253000508e-07
"887",18,8,0.03,0.0062041164406173,0.00271377338184825,2.11711692641969e-08
"888",18,9,0.03,0.0021102436872848,0.000654175543058287,7.27531589834943e-10
"889",18,10,0.03,0.000548663358694047,0.000122394133862518,2.0250879304684e-11
"890",18,11,0.03,4.22048737456959e-05,1.26614621237088e-05,4.55502439842937e-13
"891",18,12,0.03,0,4.22048737456959e-06,8.21782752293963e-15
"892",18,13,0.03,0,0,1.17304437282247e-16
"893",18,14,0.03,0,0,1.29570438824278e-18
"894",18,15,0.03,0,0,1.06862217587034e-20
"895",18,16,0.03,0,0,6.19690694770174e-23
"896",18,17,0.03,0,0,2.25478724598001e-25
"897",18,18,0.03,0,0,3.87420488999998e-28
"898",18,0,0.05,0.397214318458218,0.397214318458218,0.397214318458218
"899",18,1,0.05,0.0160943776971656,0.0375234086759759,0.37630830169726
"900",18,2,0.05,0.0648597393338957,0.113956633095474,0.1683484507593
"901",18,3,0.05,0.121340757694361,0.163125861138837,0.0472557054762949
"902",18,4,0.05,0.14744137770512,0.141124183762562,0.00932678397558451
"903",18,5,0.05,0.123872457556836,0.0875787316712055,0.00137447342798088
"904",18,6,0.05,0.0729973460347098,0.0402901949542527,0.000156738197927644
"905",18,7,0.05,0.037553547960053,0.0141775192298627,1.41417922942235e-05
"906",18,8,0.05,0.0137435135391526,0.00387591193231366,1.02341917918723e-06
"907",18,9,0.05,0.00361671408925069,0.000934317806389762,5.98490748062703e-08
"908",18,10,0.05,0.00114529279492939,0.000174807847647117,2.83495617503388e-09
"909",18,11,0.05,0.000120557136308356,1.80835704462535e-05,1.08515068900818e-10
"910",18,12,0.05,0,6.02785681541782e-06,3.33160299256897e-12
"911",18,13,0.05,0,0,8.09296273498537e-14
"912",18,14,0.05,0,0,1.52123359680176e-15
"913",18,15,0.05,0,0,2.13506469726563e-17
"914",18,16,0.05,0,0,2.10697174072265e-19
"915",18,17,0.05,0,0,1.30462646484375e-21
"916",18,18,0.05,0,0,3.81469726562501e-24
"917",18,0,0.1,0.150094635296999,0.150094635296999,0.150094635296999
"918",18,1,0.1,0.00824408203761911,0.0529066089527618,0.300189270593998
"919",18,2,0.1,0.0476796909598383,0.160674609197102,0.283512088894332
"920",18,3,0.1,0.114567243161965,0.230001389795926,0.168007163789234
"921",18,4,0.1,0.175845419957051,0.198979843984267,0.0700029849121806
"922",18,5,0.1,0.188678990964066,0.123482750437699,0.0217787064171229
"923",18,6,0.1,0.155447691204179,0.0568076745767486,0.00524302191523328
"924",18,7,0.1,0.0925546942161568,0.0199897741778146,0.000998670840996817
"925",18,8,0.1,0.0423252871622094,0.0054648914950403,0.000152574711818958
"926",18,9,0.1,0.0173380694399412,0.00131735331528965,1.88363841751801e-05
"927",18,10,0.1,0.00594933755292101,0.00024647255576387,1.883638417518e-06
"928",18,11,0.1,0.0012748580470545,2.549716094109e-05,1.52213205456001e-07
"929",18,12,0.1,0,8.49905364703001e-06,9.86567072400004e-09
"930",18,13,0.1,0,0,5.05931831999999e-10
"931",18,14,0.1,0,0,2.007666e-11
"932",18,15,0.1,0,0,5.94864000000001e-13
"933",18,16,0.1,0,0,1.23930000000001e-14
"934",18,17,0.1,0,0,1.62e-16
"935",18,18,0.1,0,0,1e-18
"936",19,0,0.001,0.981170034864399,0.981170034864399,0.981170034864399
"937",19,1,0.001,0.000990456166132612,0.00101116912778177,0.0186608915539776
"938",19,2,0.001,0.00312765720902332,0.00323291671413133,0.000168116140125924
"939",19,3,0.001,0.0049033229213105,0.00478958993189146,9.53611739119354e-07
"940",19,4,0.001,0.00458886250354596,0.00458038901923494,3.81826522169912e-09
"941",19,5,0.001,0.00306175233104872,0.00296647270746258,1.14662619270244e-11
"942",19,6,0.001,0.00142919435379211,0.00147852886244739,2.67813925556125e-14
"943",19,7,0.001,0.000531005016823948,0.000550023281610905,4.9786658547542e-17
"944",19,8,0.001,0.000143107735030567,0.000174365477155665,7.47547425638771e-20
"945",19,9,0.001,3.57769337576419e-05,3.7848229922558e-05,9.14583659440165e-23
"946",19,10,0.001,1.31809755949207e-05,7.34368640288438e-06,9.15499158598762e-26
"947",19,11,0.001,5.64898954068029e-06,9.41498256780049e-07,7.49794560686936e-29
"948",19,12,0.001,0,3.7659930271202e-07,5.00363403861831e-32
"949",19,13,0.001,0,0,2.69696144377666e-35
"950",19,14,0.001,0,0,1.1569976163778e-38
"951",19,15,0.001,0,0,3.86051924049985e-42
"952",19,16,0.001,0,0,9.66095906030982e-46
"953",19,17,0.001,0,0,1.70658170999997e-49
"954",19,18,0.001,0,0,1.89809999999996e-53
"955",19,19,0.001,0,0,1e-57
"956",19,0,0.01,0.826168623835587,0.826168623835587,0.826168623835587
"957",19,1,0.01,0.00756166486315198,0.009334744900029,0.158557614675517
"958",19,2,0.01,0.0268917138926347,0.0298451089736681,0.0144143286068651
"959",19,3,0.01,0.0422062581327196,0.0442157488411802,0.000825062580190935
"960",19,4,0.01,0.042223641270336,0.0422844822519935,3.33358618258963e-05
"961",19,5,0.01,0.0296034833607996,0.0273853950009417,1.01017763108777e-06
"962",19,6,0.01,0.0158534215061945,0.0136492396564297,2.38089003960079e-08
"963",19,7,0.01,0.00657082601901482,0.00507761449776251,4.46631609160324e-10
"964",19,8,0.01,0.00224242475252093,0.00160967854328247,6.7671455933382e-12
"965",19,9,0.01,0.000556260403726123,0.000349401066090471,8.35450073251638e-14
"966",19,10,0.01,6.95325504657653e-05,6.77942367041212e-05,8.43888962880447e-16
"967",19,11,0.01,5.2149412849324e-05,8.69156880822067e-06,6.97428894942516e-18
"968",19,12,0.01,0,3.47662752328827e-06,4.69649087503374e-20
"969",19,13,0.01,0,0,2.55442394135479e-22
"970",19,14,0.01,0,0,1.10581123002373e-24
"971",19,15,0.01,0,0,3.72327013476003e-27
"972",19,16,0.01,0,0,9.40219730999988e-30
"973",19,17,0.01,0,0,1.67597099999999e-32
"974",19,18,0.01,0,0,1.88100000000001e-35
"975",19,19,0.01,0,0,1.00000000000001e-38
"976",19,0,0.03,0.560612724666749,0.560612724666749,0.56061272466675
"977",19,1,0.03,0.0132255569875308,0.0235950966853956,0.329432219649533
"978",19,2,0.03,0.051496188669057,0.0754384013019658,0.0916976281498701
"979",19,3,0.03,0.095698548567582,0.111762547353766,0.0160707183355442
"980",19,4,0.03,0.106419598085713,0.106880954724813,0.0019881301033663
"981",19,5,0.03,0.0859880897827171,0.0692210713560003,0.00018446567969378
"982",19,6,0.03,0.0499143944778573,0.0345006888591668,1.33119562665614e-05
"983",19,7,0.03,0.0239905452331955,0.0128345023124842,7.64604262733281e-07
"984",19,8,0.03,0.00821654204873178,0.0040687261695859,3.54713317762862e-08
"985",19,9,0.03,0.00355903693019933,0.000883168423419834,1.3408407200658e-09
"986",19,10,0.03,0.000703019640533201,0.000171361037379968,4.14693006205917e-11
"987",19,11,0.03,0.0001757549101333,2.19693637666625e-05,1.04936374578817e-12
"988",19,12,0.03,0,8.78774550666501e-06,2.16363658925397e-14
"989",19,13,0.03,0,0,3.6032012985197e-16
"990",19,14,0.03,0,0,4.77596637506287e-18
"991",19,15,0.03,0,0,4.92367667532265e-20
"992",19,16,0.03,0,0,3.80696650153805e-22
"993",19,17,0.03,0,0,2.07778644717058e-24
"994",19,18,0.03,0,0,7.14015961226997e-27
"995",19,19,0.03,0,0,1.16226146699999e-29
"996",19,0,0.05,0.377353602535307,0.377353602535307,0.377353602535308
"997",19,1,0.05,0.0123906633095474,0.033436111543854,0.377353602535308
"998",19,2,0.05,0.0580929088834558,0.106902159980713,0.178746443306198
"999",19,3,0.05,0.119361314393982,0.158376337659119,0.0533103427404451
"1000",19,4,0.05,0.145886050925978,0.151458736183287,0.01122323005062
"1001",19,5,0.05,0.129323656753417,0.0980917134565877,0.00177208895536106
"1002",19,6,0.05,0.0876063481232823,0.0488901951289277,0.000217624959430305
"1003",19,7,0.05,0.0466362151701055,0.0181875012699437,2.12716125758945e-05
"1004",19,8,0.05,0.0165001295328144,0.00576570564052305,1.67933783493904e-06
"1005",19,9,0.05,0.00516796509895695,0.00125151925890403,1.08027580025319e-07
"1006",19,10,0.05,0.0016188806334082,0.00024283209501123,5.68566210659573e-09
"1007",19,11,0.05,6.22646397464693e-05,3.11323198732346e-05,2.4483712420747e-10
"1008",19,12,0.05,0,1.24529279492939e-05,8.59077628798147e-12
"1009",19,13,0.05,0,0,2.43463295610808e-13
"1010",19,14,0.05,0,0,5.49165328445435e-15
"1011",19,15,0.05,0,0,9.63447944641108e-17
"1012",19,16,0.05,0,0,1.26769466400146e-18
"1013",19,17,0.05,0,0,1.17742538452149e-20
"1014",19,18,0.05,0,0,6.88552856445313e-23
"1015",19,19,0.05,0,0,1.90734863281251e-25
"1016",19,0,0.1,0.135085171767299,0.135085171767299,0.135085171767299
"1017",19,1,0.1,0.00761125048844777,0.046445926276096,0.285179807064298
"1018",19,2,0.1,0.0396130991330577,0.148497226859272,0.285179807064298
"1019",19,3,0.1,0.102751881594045,0.21999973570927,0.179557656299743
"1020",19,4,0.1,0.167188036297381,0.210390531967604,0.0798034027998859
"1021",19,5,0.1,0.190886702590957,0.13625868203978,0.0266011342666287
"1022",19,6,0.1,0.15974976877458,0.0679131123128317,0.00689659036542224
"1023",19,7,0.1,0.102665390111222,0.0252641621326772,0.00142310594842046
"1024",19,8,0.1,0.0597656146308796,0.00800911130943481,0.000237184324736743
"1025",19,9,0.1,0.0240446322248691,0.00173847880474773,3.22102169395577e-05
"1026",19,10,0.1,0.00761125048844777,0.000337316783010753,3.5789129932842e-06
"1027",19,11,0.1,0.00242176151905156,4.3245741411635e-05,3.253557266622e-07
"1028",19,12,0.1,0.00043245741411635,1.7298296564654e-05,2.41004241972001e-08
"1029",19,13,0.1,0.00017298296564654,0,1.4419057212e-09
"1030",19,14,0.1,0,0,6.86621772000001e-11
"1031",19,15,0.1,0,0,2.54304359999999e-12
"1032",19,16,0.1,0,0,7.06401000000002e-14
"1033",19,17,0.1,0,0,1.38510000000001e-15
"1034",19,18,0.1,0,0,1.71e-17
"1035",19,19,0.1,0,0,1e-19
"1036",20,0,0.001,0.980188864829535,0.980188864829535,0.980188864829535
"1037",20,1,0.001,0.000899425536739124,0.00088179362643741,0.019623400697288
"1038",20,2,0.001,0.00297761361612093,0.00302932067891585,0.000186608915539776
"1039",20,3,0.001,0.00472495573815597,0.00480400216748613,1.12077426750616e-06
"1040",20,4,0.001,0.0046793901272639,0.00483391698159353,4.7680586955968e-09
"1041",20,5,0.001,0.00352836317385987,0.00341365670122287,1.52730608867965e-11
"1042",20,6,0.001,0.00190385008988171,0.00178637005832086,3.82208730900813e-14
"1043",20,7,0.001,0.000774615385165193,0.00073023844238335,7.65182644446076e-17
"1044",20,8,0.001,0.000247639189630816,0.000253978752885365,1.24466646368855e-19
"1045",20,9,0.001,5.94334055113959e-05,6.33956325454889e-05,1.66121650141949e-22
"1046",20,10,0.001,1.38677946193257e-05,1.18866811022792e-05,1.82916731888033e-25
"1047",20,11,0.001,1.98111351704653e-06,1.98111351704653e-06,1.66454392472504e-28
"1048",20,12,0.001,0,3.96222703409306e-07,1.24965760114492e-31
"1049",20,13,0.001,0,0,7.69789852095114e-35
"1050",20,14,0.001,0,0,3.85280206253812e-38
"1051",20,15,0.001,0,1.98111351704653e-07,1.54266348850376e-41
"1052",20,16,0.001,0,0,4.82564905062488e-45
"1053",20,17,0.001,0,0,1.13658341886e-48
"1054",20,18,0.001,0,0,1.89620190000001e-52
"1055",20,19,0.001,0,0,1.99799999999998e-56
"1056",20,20,0.001,0,0,1e-60
"1057",20,0,0.01,0.817906937597231,0.817906937597231,0.817906937597231
"1058",20,1,0.01,0.00668281539018163,0.00810496220754726,0.165233724767117
"1059",20,2,0.01,0.0242547959120489,0.0278438501720074,0.0158557614675517
"1060",20,3,0.01,0.042409474233605,0.0441557467020475,0.000960955240457678
"1061",20,4,0.01,0.0446674282073993,0.0444307072262757,4.12531290095468e-05
"1062",20,5,0.01,0.0332137745822651,0.0313764555826212,1.33343447303586e-06
"1063",20,6,0.01,0.0182639341589978,0.0164193314368577,3.36725877029256e-08
"1064",20,7,0.01,0.0085219553204496,0.00671195028016607,6.80254297028802e-10
"1065",20,8,0.01,0.00289527969220403,0.0023344330600035,1.11657902290081e-11
"1066",20,9,0.01,0.000928674618254123,0.000582697799688862,1.50381013185294e-13
"1067",20,10,0.01,0.000182093062402769,0.000109255837441662,1.67090014650327e-15
"1068",20,11,0.01,5.46279187208308e-05,1.82093062402769e-05,1.53434356887352e-17
"1069",20,12,0.01,1.82093062402769e-05,3.64186124805538e-06,1.16238149157085e-19
"1070",20,13,0.01,0,0,7.22537057697502e-22
"1071",20,14,0.01,0,0,3.64917705907822e-24
"1072",20,15,0.01,0,1.82093062402769e-06,1.47441497336496e-26
"1073",20,16,0.01,0,0,4.65408766845e-29
"1074",20,17,0.01,0,0,1.10614085999998e-31
"1075",20,18,0.01,0,0,1.86218999999999e-34
"1076",20,19,0.01,0,0,1.97999999999999e-37
"1077",20,20,0.01,0,0,1.00000000000001e-40
"1078",20,0,0.03,0.543794342926747,0.543794342926747,0.543794342926747
"1079",20,1,0.03,0.0122263116095632,0.0203057137963305,0.33636763480005
"1080",20,2,0.03,0.047536629467033,0.0697584070230711,0.09882966589486
"1081",20,3,0.03,0.0893706882206503,0.110625309783693,0.018339525629974
"1082",20,4,0.03,0.107299570543629,0.111314180325874,0.00241060775033164
"1083",20,5,0.03,0.0937958830942608,0.0786087967702922,0.000238575612403956
"1084",20,6,0.03,0.0593067354195229,0.0411360640982952,1.8446567969378e-05
"1085",20,7,0.03,0.0307482612867373,0.0168157405197201,1.14102482284812e-06
"1086",20,8,0.03,0.011496382558246,0.0058485565236791,5.7345319704996e-08
"1087",20,9,0.03,0.00296533677097614,0.00145985810263441,2.3647554517524e-09
"1088",20,10,0.03,0.000958031879853831,0.000273723394243952,8.04504432039482e-11
"1089",20,11,0.03,0.000364964525658602,4.56205657073253e-05,2.26196185203228e-12
"1090",20,12,0.03,9.12411314146506e-05,9.12411314146506e-06,5.24681872894084e-14
"1091",20,13,0.03,4.56205657073253e-05,0,9.98601502732591e-16
"1092",20,14,0.03,0,0,1.544229127937e-17
"1093",20,15,0.03,0,4.56205657073253e-06,1.91038655002516e-19
"1094",20,16,0.03,0,0,1.84637875324594e-21
"1095",20,17,0.03,0,0,1.34363523583697e-23
"1096",20,18,0.03,0,0,6.92595482390189e-26
"1097",20,19,0.03,0,0,2.25478724597999e-28
"1098",20,20,0.03,0,0,3.48678440099998e-31
"1099",20,0,0.05,0.358485922408542,0.358485922408542,0.358485922408542
"1100",20,1,0.05,0.0103925280569816,0.0285537915935958,0.377353602535308
"1101",20,2,0.05,0.0508720663530026,0.0980939176045098,0.188676801267654
"1102",20,3,0.05,0.107966819258642,0.155560748675153,0.0595821477687328
"1103",20,4,0.05,0.1487029631857,0.156529434932316,0.0133275856851113
"1104",20,5,0.05,0.134653804886447,0.110539290709784,0.002244646010124
"1105",20,6,0.05,0.0993063792111577,0.0578453243764218,0.000295348159226843
"1106",20,7,0.05,0.0536305768866459,0.0236462089000211,3.1089279918615e-05
"1107",20,8,0.05,0.0233511124243291,0.00822421047472249,2.65895157198682e-06
"1108",20,9,0.05,0.00891704567852127,0.00205284504829267,1.86593092771004e-07
"1109",20,10,0.05,0.003079267572439,0.000384908446554875,1.08027580025318e-08
"1110",20,11,0.05,0.000577362669832312,6.41514077591458e-05,5.16878373326881e-10
"1111",20,12,0.05,6.41514077591458e-05,1.28302815518292e-05,2.04030936839558e-11
"1112",20,13,0.05,0,0,6.60828945229339e-13
"1113",20,14,0.05,0,0,1.73902354007722e-14
"1114",20,15,0.05,0,6.41514077591458e-06,3.66110218963623e-16
"1115",20,16,0.05,0,0,6.02154965400697e-18
"1116",20,17,0.05,0,0,7.45702743530269e-20
"1117",20,18,0.05,0,0,6.54125213623047e-22
"1118",20,19,0.05,0,0,3.62396240234377e-24
"1119",20,20,0.05,0,0,9.53674316406254e-27
"1120",20,0,0.1,0.121576654590569,0.121576654590569,0.121576654590569
"1121",20,1,0.1,0.00562190941062036,0.0390986231041738,0.270170343534598
"1122",20,2,0.1,0.0317989251038214,0.134319713746556,0.285179807064298
"1123",20,3,0.1,0.0845921681629282,0.213008877028333,0.190119871376199
"1124",20,4,0.1,0.157149936493747,0.214335296279901,0.0897788281498717
"1125",20,5,0.1,0.186928487903127,0.151361126647499,0.0319213611199544
"1126",20,6,0.1,0.171731764027544,0.0792074330555684,0.00886704475554287
"1127",20,7,0.1,0.122891426022779,0.0323786845117916,0.00197045439012064
"1128",20,8,0.1,0.0683413362728537,0.0112613872881489,0.000355776487105116
"1129",20,9,0.1,0.0317110827692804,0.00281095470531018,5.27076277192763e-05
"1130",20,10,0.1,0.0110681341521588,0.000527054007245658,6.44204338791157e-06
"1131",20,11,0.1,0.00491917073429281,8.78423345409431e-05,6.50711453324398e-07
"1132",20,12,0.1,0.00158116202173698,1.75684669081886e-05,5.42259544437e-08
"1133",20,13,0.1,8.78423345409431e-05,0,3.70775756880001e-09
"1134",20,14,0.1,0,0,2.05986531600001e-10
"1135",20,15,0.1,0,8.78423345409431e-06,9.15495695999999e-12
"1136",20,16,0.1,0,0,3.17880450000001e-13
"1137",20,17,0.1,0,0,8.31059999999998e-15
"1138",20,18,0.1,0,0,1.539e-16
"1139",20,19,0.1,0,0,1.79999999999999e-18
"1140",20,20,0.1,0,0,1.00000000000001e-20
