pool,pos,above.llod,limit,total.tests,tests.per.sample,tn,tp,fn,fp
1,0,0.05,35,1,1,1,0,0,0
1,0,0.1,35,1,1,1,0,0,0
1,0,0.15000000000000002,35,1,1,1,0,0,0
1,0,0.2,35,1,1,1,0,0,0
1,0,0.25,35,1,1,1,0,0,0
1,0,0.3,35,1,1,1,0,0,0
1,1,0.05,35,1.9854,1.9854,0,0.9854,0.0146,0
1,1,0.1,35,1.9671,1.9671,0,0.9671,0.0329,0
1,1,0.15000000000000002,35,1.9456,1.9456,0,0.9456,0.0544,0
1,1,0.2,35,1.922,1.922,0,0.922,0.078,0
1,1,0.25,35,1.8843,1.8843,0,0.8843,0.1157,0
1,1,0.3,35,1.8624,1.8624,0,0.86240000000000006,0.1376,0
2,0,0.05,35,1,0.5,1,0,0,0
2,0,0.1,35,1,0.5,1,0,0,0
2,0,0.15000000000000002,35,1,0.5,1,0,0,0
2,0,0.2,35,1,0.5,1,0,0,0
2,0,0.25,35,1,0.5,1,0,0,0
2,0,0.3,35,1,0.5,1,0,0,0
2,1,0.05,35,2.955,1.4775,0,0.9775,0.0225,0
2,1,0.1,35,2.9028,1.4514,0,0.9514,0.0486,0
2,1,0.15000000000000002,35,2.845,1.4225,0,0.9225,0.0775,0
2,1,0.2,35,2.787,1.3935,0,0.8935,0.1065,0
2,1,0.25,35,2.711,1.3555,0,0.8555,0.1445,0
2,1,0.3,35,2.6504,1.3252,0,0.8252,0.1748,0
2,2,0.05,35,2.9988,1.4994,0,0.9994,6e-4,0
2,2,0.1,35,2.9934,1.4967,0,0.9967,0.0033,0
2,2,0.15000000000000002,35,2.986,1.493,0,0.993,0.007,0
2,2,0.2,35,2.9702,1.4851,0,0.9851,0.0149,0
2,2,0.25,35,2.9492,1.4746,0,0.9746,0.0254,0
2,2,0.3,35,2.9314,1.4657,0,0.9657,0.0343,0
3,0,0.05,35,1,0.3333333333333333,1,0,0,0
3,0,0.1,35,1,0.3333333333333333,1,0,0,0
3,0,0.15000000000000002,35,1,0.3333333333333333,1,0,0,0
3,0,0.2,35,1,0.3333333333333333,1,0,0,0
3,0,0.25,35,1,0.3333333333333333,1,0,0,0
3,0,0.3,35,1,0.3333333333333333,1,0,0,0
3,1,0.05,35,3.9178,1.3059333333333334,0,0.9726,0.0274,0
3,1,0.1,35,3.8146,1.2715333333333334,0,0.9382,0.0618,0
3,1,0.15000000000000002,35,3.7291,1.2430333333333332,0,0.9097,0.0903,0
3,1,0.2,35,3.6322,1.2107333333333334,0,0.8774,0.1226,0
3,1,0.25,35,3.5173,1.1724333333333334,0,0.8391,0.1609,0
3,1,0.3,35,3.4195,1.1398333333333335,0,0.8065,0.1935,0
3,2,0.05,35,3.9943,1.3314333333333332,0,0.9981,0.0019,0
3,2,0.1,35,3.985,1.3283333333333334,0,0.995,0.005,0
3,2,0.15000000000000002,35,3.97,1.3233333333333335,0,0.99,0.01,0
3,2,0.2,35,3.9418,1.3139333333333334,0,0.9806,0.0194,0
3,2,0.25,35,3.9097,1.3032333333333332,0,0.9699,0.0301,0
3,2,0.3,35,3.8704,1.2901333333333334,0,0.9568,0.0432,0
3,3,0.05,35,3.9994,1.3331333333333333,0,0.9998,2e-4,0
3,3,0.1,35,3.9988,1.3329333333333333,0,0.9996,4e-4,0
3,3,0.15000000000000002,35,3.9961,1.3320333333333334,0,0.9987,0.0013,0
3,3,0.2,35,3.9937,1.3312333333333333,0,0.9979,0.0021,0
3,3,0.25,35,3.9811,1.3270333333333333,0,0.9937,0.0063,0
3,3,0.3,35,3.9742,1.3247333333333333,0,0.9914,0.0086,0
4,0,0.05,35,1,0.25,1,0,0,0
4,0,0.1,35,1,0.25,1,0,0,0
4,0,0.15000000000000002,35,1,0.25,1,0,0,0
4,0,0.2,35,1,0.25,1,0,0,0
4,0,0.25,35,1,0.25,1,0,0,0
4,0,0.3,35,1,0.25,1,0,0,0
4,1,0.05,35,4.8768,1.2192,0,0.9692,0.0308,0
4,1,0.1,35,4.7248,1.1812,0,0.9312,0.0688,0
4,1,0.15000000000000002,35,4.6036,1.1509,0,0.9009,0.0991,0
4,1,0.2,35,4.4616,1.1154,0,0.8654,0.1346,0
4,1,0.25,35,4.2728,1.0682,0,0.8182,0.1818,0
4,1,0.3,35,4.108,1.027,0,0.777,0.223,0
4,2,0.05,35,4.9936,1.2484,0,0.9984,0.0016,0
4,2,0.1,35,4.9704,1.2426,0,0.9926,0.0074,0
4,2,0.15000000000000002,35,4.948,1.237,0,0.987,0.013,0
4,2,0.2,35,4.922,1.2305,0,0.9805,0.0195,0
4,2,0.25,35,4.846,1.2115,0,0.9615,0.0385,0
4,2,0.3,35,4.7824,1.1956,0,0.9456,0.0544,0
4,3,0.05,35,4.9988,1.2497,0,0.9997,3e-4,0
4,3,0.1,35,4.9972,1.2493,0,0.9993,7e-4,0
4,3,0.15000000000000002,35,4.9952,1.2488,0,0.9988,0.0012000000000000001,0
4,3,0.2,35,4.9832,1.2458,0,0.9958,0.0042,0
4,3,0.25,35,4.9652,1.2413,0,0.9913,0.0087,0
4,3,0.3,35,4.9444,1.2361,0,0.9861,0.0139,0
4,4,0.05,35,4.9996,1.2499,0,0.9999,1e-4,0
4,4,0.1,35,5,1.25,0,1,0,0
4,4,0.15000000000000002,35,4.9984,1.2496,0,0.9996,4e-4,0
4,4,0.2,35,4.9956,1.2489,0,0.9989,0.0011,0
4,4,0.25,35,4.9916,1.2479,0,0.9979,0.0021,0
4,4,0.3,35,4.9868,1.2467,0,0.9967,0.0033,0
5,0,0.05,35,1,0.2,1,0,0,0
5,0,0.1,35,1,0.2,1,0,0,0
5,0,0.15000000000000002,35,1,0.2,1,0,0,0
5,0,0.2,35,1,0.2,1,0,0,0
5,0,0.25,35,1,0.2,1,0,0,0
5,0,0.3,35,1,0.2,1,0,0,0
5,1,0.05,35,5.812,1.1624,0,0.9624,0.0376,0
5,1,0.1,35,5.6325,1.1265,0,0.9265,0.0735,0
5,1,0.15000000000000002,35,5.4825,1.0965,0,0.8965,0.1035,0
5,1,0.2,35,5.2235,1.0447,0,0.8447,0.1553,0
5,1,0.25,35,5.002,1.0004,0,0.8004,0.1996,0
5,1,0.3,35,4.88,0.976,0,0.776,0.224,0
5,2,0.05,35,5.9905,1.1981,0,0.9981,0.0019,0
5,2,0.1,35,5.962,1.1924,0,0.9924,0.0076,0
5,2,0.15000000000000002,35,5.929,1.1858,0,0.9858,0.0142,0
5,2,0.2,35,5.875,1.175,0,0.975,0.025,0
5,2,0.25,35,5.796,1.1592,0,0.9592,0.0408,0
5,2,0.3,35,5.705,1.141,0,0.941,0.059,0
5,3,0.05,35,5.9995,1.1999,0,0.9999,1e-4,0
5,3,0.1,35,5.997,1.1994,0,0.9994,6.000000000000001e-4,0
5,3,0.15000000000000002,35,5.988,1.1976,0,0.9976,0.0024,0
5,3,0.2,35,5.976,1.1952,0,0.9952,0.0048,0
5,3,0.25,35,5.9485,1.1897,0,0.9897,0.0103,0
5,3,0.3,35,5.92,1.184,0,0.984,0.016,0
5,4,0.05,35,6,1.2,0,1,0,0
5,4,0.1,35,6,1.2,0,1,0,0
5,4,0.15000000000000002,35,5.9975,1.1995,0,0.9995,5e-4,0
5,4,0.2,35,5.9945,1.1989,0,0.9989,0.0011,0
5,4,0.25,35,5.991,1.1982,0,0.9982,0.0018,0
5,4,0.3,35,5.9775,1.1955,0,0.9955,0.0045,0
5,5,0.05,35,6,1.2,0,1,0,0
5,5,0.1,35,5.999,1.1998,0,0.9998,2e-4,0
5,5,0.15000000000000002,35,5.9995,1.1999,0,0.9999,1e-4,0
5,5,0.2,35,5.996,1.1992,0,0.9992,8e-4,0
5,5,0.25,35,5.997,1.1994,0,0.9994,6.000000000000001e-4,0
5,5,0.3,35,5.9945,1.1989,0,0.9989,0.0011,0
6,0,0.05,35,1,0.16666666666666666,1,0,0,0
6,0,0.1,35,1,0.16666666666666666,1,0,0,0
6,0,0.15000000000000002,35,1,0.16666666666666666,1,0,0,0
6,0,0.2,35,1,0.16666666666666666,1,0,0,0
6,0,0.25,35,1,0.16666666666666666,1,0,0,0
6,0,0.3,35,1,0.16666666666666666,1,0,0,0
6,1,0.05,35,6.7432,1.1238666666666666,0,0.9572,0.0428,0
6,1,0.1,35,6.5164,1.0860666666666667,0,0.9194,0.0806,0
6,1,0.15000000000000002,35,6.292,1.0486666666666666,0,0.882,0.118,0
6,1,0.2,35,6.049,1.0081666666666667,0,0.8415,0.1585,0
6,1,0.25,35,5.8024,0.9670666666666666,0,0.8004,0.1996,0
6,1,0.3,35,5.536,0.9226666666666666,0,0.756,0.244,0
6,2,0.05,35,6.9838,1.1639666666666666,0,0.9973,0.0027,0
6,2,0.1,35,6.943,1.1571666666666667,0,0.9905,0.0095,0
6,2,0.15000000000000002,35,6.9004,1.1500666666666668,0,0.9834,0.0166,0
6,2,0.2,35,6.8164,1.1360666666666666,0,0.9694,0.0306,0
6,2,0.25,35,6.7084,1.1180666666666668,0,0.9514,0.0486,0
6,2,0.3,35,6.6364,1.1060666666666668,0,0.9394,0.0606,0
6,3,0.05,35,6.9982,1.1663666666666666,0,0.9997,3.0000000000000003e-4,0
6,3,0.1,35,6.994,1.1656666666666666,0,0.999,0.001,0
6,3,0.15000000000000002,35,6.9826,1.1637666666666666,0,0.9971,0.0029,0
6,3,0.2,35,6.9682,1.1613666666666667,0,0.9947,0.0053,0
6,3,0.25,35,6.9262,1.1543666666666665,0,0.9877,0.0123,0
6,3,0.3,35,6.886,1.1476666666666666,0,0.981,0.019,0
6,4,0.05,35,7,1.1666666666666667,0,1,0,0
6,4,0.1,35,6.9994,1.1665666666666665,0,0.9999,1e-4,0
6,4,0.15000000000000002,35,6.9988,1.1664666666666668,0,0.9998,2e-4,0
6,4,0.2,35,6.9928,1.1654666666666667,0,0.9988,0.0012000000000000001,0
6,4,0.25,35,6.982,1.1636666666666666,0,0.997,0.003,0
6,4,0.3,35,6.9694,1.1615666666666666,0,0.9949,0.0051,0
6,5,0.05,35,7,1.1666666666666667,0,1,0,0
6,5,0.1,35,6.9988,1.1664666666666668,0,0.9998,2e-4,0
6,5,0.15000000000000002,35,6.9988,1.1664666666666668,0,0.9998,2e-4,0
6,5,0.2,35,6.9964,1.1660666666666668,0,0.9994,6.000000000000001e-4,0
6,5,0.25,35,6.991,1.1651666666666667,0,0.9985,0.0015,0
6,5,0.3,35,6.9886,1.1647666666666667,0,0.9981,0.0019,0
6,6,0.05,35,6.9994,1.1665666666666665,0,0.9999,1e-4,0
6,6,0.1,35,7,1.1666666666666667,0,1,0,0
6,6,0.15000000000000002,35,7,1.1666666666666667,0,1,0,0
6,6,0.2,35,6.9994,1.1665666666666665,0,0.9999,1e-4,0
6,6,0.25,35,6.997,1.1661666666666666,0,0.9995,5e-4,0
6,6,0.3,35,6.9946,1.1657666666666666,0,0.9991,9e-4,0
7,0,0.05,35,1,0.14285714285714285,1,0,0,0
7,0,0.1,35,1,0.14285714285714285,1,0,0,0
7,0,0.15000000000000002,35,1,0.14285714285714285,1,0,0,0
7,0,0.2,35,1,0.14285714285714285,1,0,0,0
7,0,0.25,35,1,0.14285714285714285,1,0,0,0
7,0,0.3,35,1,0.14285714285714285,1,0,0,0
7,1,0.05,35,7.7018,1.1002571428571428,0,0.9574,0.0426,0
7,1,0.1,35,7.3952,1.0564571428571428,0,0.9136,0.0864,0
7,1,0.15000000000000002,35,7.1285,1.0183571428571427,0,0.8755,0.1245,0
7,1,0.2,35,6.8121,0.9731571428571428,0,0.8303,0.1697,0
7,1,0.25,35,6.4992,0.9284571428571429,0,0.7856,0.2144,0
7,1,0.3,35,6.2605,0.894357142857143,0,0.7515,0.2485,0
7,2,0.05,35,7.986,1.1408571428571428,0,0.998,0.002,0
7,2,0.1,35,7.9293,1.1327571428571428,0,0.9899,0.0101,0
7,2,0.15000000000000002,35,7.888,1.1268571428571428,0,0.984,0.016,0
7,2,0.2,35,7.7634,1.1090571428571427,0,0.9662,0.0338,0
7,2,0.25,35,7.6549,1.093557142857143,0,0.9507,0.0493,0
7,2,0.3,35,7.5387,1.076957142857143,0,0.9341,0.0659,0
7,3,0.05,35,7.9979,1.1425571428571428,0,0.9997,3.0000000000000003e-4,0
7,3,0.1,35,7.9825,1.1403571428571428,0,0.9975,0.0025,0
7,3,0.15000000000000002,35,7.986,1.1408571428571428,0,0.998,0.002,0
7,3,0.2,35,7.9559,1.1365571428571428,0,0.9937,0.0063,0
7,3,0.25,35,7.916,1.130857142857143,0,0.988,0.012,0
7,3,0.3,35,7.8502,1.121457142857143,0,0.9786,0.0214,0
7,4,0.05,35,7.9979,1.1425571428571428,0,0.9997,3.0000000000000003e-4,0
7,4,0.1,35,7.9986,1.1426571428571428,0,0.9998,2e-4,0
7,4,0.15000000000000002,35,7.9972,1.1424571428571428,0,0.9996,4e-4,0
7,4,0.2,35,7.9874,1.1410571428571428,0,0.9982,0.0018,0
7,4,0.25,35,7.9741,1.1391571428571428,0,0.9963,0.0036999999999999997,0
7,4,0.3,35,7.9559,1.1365571428571428,0,0.9937,0.0063,0
7,5,0.05,35,8,1.1428571428571428,0,1,0,0
7,5,0.1,35,8,1.1428571428571428,0,1,0,0
7,5,0.15000000000000002,35,7.9993,1.1427571428571428,0,0.9999,1e-4,0
7,5,0.2,35,7.9951,1.1421571428571429,0,0.9993,7e-4,0
7,5,0.25,35,7.9923,1.141757142857143,0,0.9989,0.0011,0
7,5,0.3,35,7.9839,1.1405571428571428,0,0.9977,0.0023,0
7,6,0.05,35,7.9993,1.1427571428571428,0,0.9999,1e-4,0
7,6,0.1,35,7.9986,1.1426571428571428,0,0.9998,2e-4,0
7,6,0.15000000000000002,35,7.9972,1.1424571428571428,0,0.9996,4e-4,0
7,6,0.2,35,7.9958,1.1422571428571429,0,0.9994,6.000000000000001e-4,0
7,6,0.25,35,7.9965,1.1423571428571428,0,0.9995,5e-4,0
7,6,0.3,35,7.9909,1.141557142857143,0,0.9987,0.0013,0
7,7,0.05,35,7.9993,1.1427571428571428,0,0.9999,1e-4,0
7,7,0.1,35,7.9993,1.1427571428571428,0,0.9999,1e-4,0
7,7,0.15000000000000002,35,7.9986,1.1426571428571428,0,0.9998,2e-4,0
7,7,0.2,35,7.9986,1.1426571428571428,0,0.9998,2e-4,0
7,7,0.25,35,7.9979,1.1425571428571428,0,0.9997,3e-4,0
7,7,0.3,35,7.9972,1.1424571428571428,0,0.9996,4e-4,0
8,0,0.05,35,1,0.125,1,0,0,0
8,0,0.1,35,1,0.125,1,0,0,0
8,0,0.15000000000000002,35,1,0.125,1,0,0,0
8,0,0.2,35,1,0.125,1,0,0,0
8,0,0.25,35,1,0.125,1,0,0,0
8,0,0.3,35,1,0.125,1,0,0,0
8,1,0.05,35,8.6368,1.0796,0,0.9546,0.0454,0
8,1,0.1,35,8.2656,1.0332,0,0.9082,0.0918,0
8,1,0.15000000000000002,35,7.96,0.995,0,0.87,0.13,0
8,1,0.2,35,7.576,0.947,0,0.822,0.178,0
8,1,0.25,35,7.2024,0.9003,0,0.7753,0.2247,0
8,1,0.3,35,6.9352,0.8669,0,0.7419,0.2581,0
8,2,0.05,35,8.976,1.122,0,0.997,0.003,0
8,2,0.1,35,8.92,1.115,0,0.99,0.01,0
8,2,0.15000000000000002,35,8.8248,1.1031,0,0.9781,0.0219,0
8,2,0.2,35,8.7136,1.0892,0,0.9642,0.0358,0
8,2,0.25,35,8.5712,1.0714,0,0.9464,0.0536,0
8,2,0.3,35,8.4112,1.0514,0,0.9264,0.0736,0
8,3,0.05,35,8.9968,1.1246,0,0.9996,4e-4,0
8,3,0.1,35,8.9896,1.1237,0,0.9987,0.0013,0
8,3,0.15000000000000002,35,8.9688,1.1211,0,0.9961,0.0039,0
8,3,0.2,35,8.9376,1.1172,0,0.9922,0.0078,0
8,3,0.25,35,8.9088,1.1136,0,0.9886,0.0114,0
8,3,0.3,35,8.8032,1.1004,0,0.9754,0.0246,0
8,4,0.05,35,8.9976,1.1247,0,0.9997,3.0000000000000003e-4,0
8,4,0.1,35,8.9968,1.1246,0,0.9996,4e-4,0
8,4,0.15000000000000002,35,8.9896,1.1237,0,0.9987,0.0013,0
8,4,0.2,35,8.984,1.123,0,0.998,0.002,0
8,4,0.25,35,8.9688,1.1211,0,0.9961,0.0039,0
8,4,0.3,35,8.9512,1.1189,0,0.9939,0.0061,0
8,5,0.05,35,8.9984,1.1248,0,0.9998,2e-4,0
8,5,0.1,35,8.9984,1.1248,0,0.9998,2e-4,0
8,5,0.15000000000000002,35,8.9968,1.1246,0,0.9996,4e-4,0
8,5,0.2,35,8.9944,1.1243,0,0.9993,7e-4,0
8,5,0.25,35,8.9872,1.1234,0,0.9984,0.0016,0
8,5,0.3,35,8.9824,1.1228,0,0.9978,0.0022,0
8,6,0.05,35,9,1.125,0,1,0,0
8,6,0.1,35,8.9992,1.1249,0,0.9999,1e-4,0
8,6,0.15000000000000002,35,8.9984,1.1248,0,0.9998,2e-4,0
8,6,0.2,35,8.996,1.1245,0,0.9995,5e-4,0
8,6,0.25,35,8.9952,1.1244,0,0.9994,6.000000000000001e-4,0
8,6,0.3,35,8.992,1.124,0,0.999,0.001,0
8,7,0.05,35,8.9968,1.1246,0,0.9996,4e-4,0
8,7,0.1,35,8.9984,1.1248,0,0.9998,2e-4,0
8,7,0.15000000000000002,35,8.9976,1.1247,0,0.9997,3.0000000000000003e-4,0
8,7,0.2,35,8.9952,1.1244,0,0.9994,6.000000000000001e-4,0
8,7,0.25,35,9,1.125,0,1,0,0
8,7,0.3,35,8.9944,1.1243,0,0.9993,7e-4,0
8,8,0.05,35,8.9984,1.1248,0,0.9998,2e-4,0
8,8,0.1,35,9,1.125,0,1,0,0
8,8,0.15000000000000002,35,9,1.125,0,1,0,0
8,8,0.2,35,8.9984,1.1248,0,0.9998,2e-4,0
8,8,0.25,35,8.9984,1.1248,0,0.9998,2e-4,0
8,8,0.3,35,8.9944,1.1243,0,0.9993,7e-4,0
9,0,0.05,35,1,0.1111111111111111,1,0,0,0
9,0,0.1,35,1,0.1111111111111111,1,0,0,0
9,0,0.15000000000000002,35,1,0.1111111111111111,1,0,0,0
9,0,0.2,35,1,0.1111111111111111,1,0,0,0
9,0,0.25,35,1,0.1111111111111111,1,0,0,0
9,0,0.3,35,1,0.1111111111111111,1,0,0,0
9,1,0.05,35,9.5581,1.062011111111111,0,0.9509,0.0491,0
9,1,0.1,35,9.181,1.020111111111111,0,0.909,0.091,0
9,1,0.15000000000000002,35,8.8147,0.9794111111111111,0,0.8683,0.1317,0
9,1,0.2,35,8.4061,0.9340111111111111,0,0.8229,0.1771,0
9,1,0.25,35,7.8985,0.8776111111111111,0,0.7665,0.2335,0
9,1,0.3,35,7.6141,0.846011111111111,0,0.7349,0.2651,0
9,2,0.05,35,9.9703,1.107811111111111,0,0.9967,0.0033,0
9,2,0.1,35,9.8911,1.0990111111111112,0,0.9879,0.0121,0
9,2,0.15000000000000002,35,9.7732,1.085911111111111,0,0.9748,0.0252,0
9,2,0.2,35,9.6679,1.074211111111111,0,0.9631,0.0369,0
9,2,0.25,35,9.5041,1.056011111111111,0,0.9449,0.0551,0
9,2,0.3,35,9.3205,1.035611111111111,0,0.9245,0.0755,0
9,3,0.05,35,9.9991,1.1110111111111112,0,0.9999,1e-4,0
9,3,0.1,35,9.9829,1.1092111111111111,0,0.9981,0.0019,0
9,3,0.15000000000000002,35,9.9694,1.107711111111111,0,0.9966,0.0034000000000000002,0
9,3,0.2,35,9.9397,1.1044111111111112,0,0.9933,0.0067,0
9,3,0.25,35,9.8281,1.092011111111111,0,0.9809,0.0191,0
9,3,0.3,35,9.7885,1.0876111111111113,0,0.9765,0.0235,0
9,4,0.05,35,9.9982,1.1109111111111112,0,0.9998,2e-4,0
9,4,0.1,35,9.9964,1.110711111111111,0,0.9996,4e-4,0
9,4,0.15000000000000002,35,9.9919,1.110211111111111,0,0.9991,9e-4,0
9,4,0.2,35,9.9811,1.1090111111111112,0,0.9979,0.0021,0
9,4,0.25,35,9.9595,1.1066111111111112,0,0.9955,0.0045,0
9,4,0.3,35,9.9208,1.102311111111111,0,0.9912,0.0088,0
9,5,0.05,35,9.9991,1.1110111111111112,0,0.9999,1e-4,0
9,5,0.1,35,9.9991,1.1110111111111112,0,0.9999,1e-4,0
9,5,0.15000000000000002,35,9.9991,1.1110111111111112,0,0.9999,1e-4,0
9,5,0.2,35,9.9964,1.110711111111111,0,0.9996,4e-4,0
9,5,0.25,35,9.9802,1.1089111111111112,0,0.9978,0.0022,0
9,5,0.3,35,9.9622,1.106911111111111,0,0.9958,0.0042,0
9,6,0.05,35,9.9991,1.1110111111111112,0,0.9999,1e-4,0
9,6,0.1,35,9.9991,1.1110111111111112,0,0.9999,1e-4,0
9,6,0.15000000000000002,35,10,1.1111111111111112,0,1,0,0
9,6,0.2,35,9.9973,1.110811111111111,0,0.9997,3.0000000000000003e-4,0
9,6,0.25,35,9.9946,1.1105111111111112,0,0.9994,6e-4,0
9,6,0.3,35,9.9829,1.1092111111111111,0,0.9981,0.0019,0
9,7,0.05,35,10,1.1111111111111112,0,1,0,0
9,7,0.1,35,10,1.1111111111111112,0,1,0,0
9,7,0.15000000000000002,35,10,1.1111111111111112,0,1,0,0
9,7,0.2,35,9.9964,1.110711111111111,0,0.9996,4e-4,0
9,7,0.25,35,9.9946,1.1105111111111112,0,0.9994,6.000000000000001e-4,0
9,7,0.3,35,9.9955,1.110611111111111,0,0.9995,5e-4,0
9,8,0.05,35,10,1.1111111111111112,0,1,0,0
9,8,0.1,35,10,1.1111111111111112,0,1,0,0
9,8,0.15000000000000002,35,9.9982,1.1109111111111112,0,0.9998,2e-4,0
9,8,0.2,35,9.9982,1.1109111111111112,0,0.9998,2e-4,0
9,8,0.25,35,10,1.1111111111111112,0,1,0,0
9,8,0.3,35,9.9982,1.1109111111111112,0,0.9998,2e-4,0
9,9,0.05,35,9.9982,1.1109111111111112,0,0.9998,2e-4,0
9,9,0.1,35,10,1.1111111111111112,0,1,0,0
9,9,0.15000000000000002,35,10,1.1111111111111112,0,1,0,0
9,9,0.2,35,9.9982,1.1109111111111112,0,0.9998,2e-4,0
9,9,0.25,35,9.9973,1.110811111111111,0,0.9997,3.0000000000000003e-4,0
9,9,0.3,35,9.9973,1.110811111111111,0,0.9997,3.0000000000000003e-4,0
10,0,0.05,35,1,0.1,1,0,0,0
10,0,0.1,35,1,0.1,1,0,0,0
10,0,0.15000000000000002,35,1,0.1,1,0,0,0
10,0,0.2,35,1,0.1,1,0,0,0
10,0,0.25,35,1,0.1,1,0,0,0
10,0,0.3,35,1,0.1,1,0,0,0
10,1,0.05,35,10.496,1.0496,0,0.9496,0.0504,0
10,1,0.1,35,10.067,1.0067,0,0.9067,0.0933,0
10,1,0.15000000000000002,35,9.624,0.9624,0,0.86240000000000006,0.1376,0
10,1,0.2,35,9.054,0.9054,0,0.8054,0.1946,0
10,1,0.25,35,8.65,0.865,0,0.765,0.235,0
10,1,0.3,35,8.228,0.8228,0,0.7228,0.2772,0
10,2,0.05,35,10.971,1.0971,0,0.9971,0.0029,0
10,2,0.1,35,10.886,1.0886,0,0.9886,0.0114,0
10,2,0.15000000000000002,35,10.77,1.077,0,0.977,0.023,0
10,2,0.2,35,10.595,1.0595,0,0.9595,0.0405,0
10,2,0.25,35,10.385,1.0385,0,0.9385,0.0615,0
10,2,0.3,35,10.194,1.0194,0,0.9194,0.0806,0
10,3,0.05,35,11,1.1,0,1,0,0
10,3,0.1,35,10.98,1.098,0,0.998,0.002,0
10,3,0.15000000000000002,35,10.953,1.0953,0,0.9953,0.0047,0
10,3,0.2,35,10.909,1.0909,0,0.9909,0.0091,0
10,3,0.25,35,10.847,1.0847,0,0.9847,0.0153,0
10,3,0.3,35,10.713,1.0713,0,0.9713,0.0287,0
10,4,0.05,35,10.999,1.0999,0,0.9999,1e-4,0
10,4,0.1,35,10.996,1.0996000000000001,0,0.9996,4e-4,0
10,4,0.15000000000000002,35,10.988,1.0988,0,0.9988,0.0012000000000000001,0
10,4,0.2,35,10.982,1.0981999999999998,0,0.9982,0.0018,0
10,4,0.25,35,10.944,1.0944,0,0.9944,0.0056,0
10,4,0.3,35,10.91,1.091,0,0.991,0.009,0
10,5,0.05,35,10.999,1.0999,0,0.9999,1e-4,0
10,5,0.1,35,11,1.1,0,1,0,0
10,5,0.15000000000000002,35,10.995,1.0995,0,0.9995,5e-4,0
10,5,0.2,35,10.988,1.0988,0,0.9988,0.0012,0
10,5,0.25,35,10.983,1.0983,0,0.9983,0.0017,0
10,5,0.3,35,10.964,1.0964,0,0.9964,0.0036,0
10,6,0.05,35,10.999,1.0999,0,0.9999,1e-4,0
10,6,0.1,35,11,1.1,0,1,0,0
10,6,0.15000000000000002,35,10.997,1.0997,0,0.9997,3.0000000000000003e-4,0
10,6,0.2,35,10.993,1.0993,0,0.9993,7e-4,0
10,6,0.25,35,10.993,1.0993,0,0.9993,7e-4,0
10,6,0.3,35,10.986,1.0986,0,0.9986,0.0014,0
10,7,0.05,35,10.999,1.0999,0,0.9999,1e-4,0
10,7,0.1,35,10.999,1.0999,0,0.9999,1e-4,0
10,7,0.15000000000000002,35,11,1.1,0,1,0,0
10,7,0.2,35,10.998,1.0997999999999999,0,0.9998,2e-4,0
10,7,0.25,35,10.998,1.0997999999999999,0,0.9998,2e-4,0
10,7,0.3,35,10.993,1.0993,0,0.9993,7e-4,0
10,8,0.05,35,11,1.1,0,1,0,0
10,8,0.1,35,10.999,1.0999,0,0.9999,1e-4,0
10,8,0.15000000000000002,35,11,1.1,0,1,0,0
10,8,0.2,35,10.999,1.0999,0,0.9999,1e-4,0
10,8,0.25,35,11,1.1,0,1,0,0
10,8,0.3,35,10.999,1.0999,0,0.9999,1e-4,0
10,9,0.05,35,10.999,1.0999,0,0.9999,1e-4,0
10,9,0.1,35,10.995,1.0995,0,0.9995,5e-4,0
10,9,0.15000000000000002,35,11,1.1,0,1,0,0
10,9,0.2,35,10.999,1.0999,0,0.9999,1e-4,0
10,9,0.25,35,10.996,1.0996000000000001,0,0.9996,4e-4,0
10,9,0.3,35,10.999,1.0999,0,0.9999,1e-4,0
10,10,0.05,35,10.998,1.0997999999999999,0,0.9998,2e-4,0
10,10,0.1,35,10.997,1.0997,0,0.9997,3.0000000000000003e-4,0
10,10,0.15000000000000002,35,10.999,1.0999,0,0.9999,1e-4,0
10,10,0.2,35,11,1.1,0,1,0,0
10,10,0.25,35,10.999,1.0999,0,0.9999,1e-4,0
10,10,0.3,35,10.997,1.0997,0,0.9997,3.0000000000000003e-4,0
11,0,0.05,35,1,0.09090909090909091,1,0,0,0
11,0,0.1,35,1,0.09090909090909091,1,0,0,0
11,0,0.15000000000000002,35,1,0.09090909090909091,1,0,0,0
11,0,0.2,35,1,0.09090909090909091,1,0,0,0
11,0,0.25,35,1,0.09090909090909091,1,0,0,0
11,0,0.3,35,1,0.09090909090909091,1,0,0,0
11,1,0.05,35,11.4412,1.0401090909090909,0,0.9492,0.0508,0
11,1,0.1,35,10.9055,0.9914090909090909,0,0.9005,0.0995,0
11,1,0.15000000000000002,35,10.3852,0.9441090909090909,0,0.8532,0.1468,0
11,1,0.2,35,9.9474,0.904309090909091,0,0.8134,0.1866,0
11,1,0.25,35,9.3611,0.8510090909090909,0,0.7601,0.2399,0
11,1,0.3,35,8.8837,0.8076090909090908,0,0.7167,0.2833,0
11,2,0.05,35,11.9637,1.0876090909090907,0,0.9967,0.0033,0
11,2,0.1,35,11.8548,1.0777090909090907,0,0.9868,0.0132,0
11,2,0.15000000000000002,35,11.7382,1.067109090909091,0,0.9762,0.0238,0
11,2,0.2,35,11.5402,1.049109090909091,0,0.9582,0.0418,0
11,2,0.25,35,11.2872,1.0261090909090909,0,0.9352,0.0648,0
11,2,0.3,35,11.0331,1.0030090909090907,0,0.9121,0.0879,0
11,3,0.05,35,11.9978,1.0907090909090909,0,0.9998,2e-4,0
11,3,0.1,35,11.9692,1.088109090909091,0,0.9972,0.0028,0
11,3,0.15000000000000002,35,11.945,1.085909090909091,0,0.995,0.005,0
11,3,0.2,35,11.8999,1.081809090909091,0,0.9909,0.0091,0
11,3,0.25,35,11.802,1.0729090909090908,0,0.982,0.018,0
11,3,0.3,35,11.7173,1.065209090909091,0,0.9743,0.0257,0
11,4,0.05,35,11.9989,1.090809090909091,0,0.9999,1e-4,0
11,4,0.1,35,11.9934,1.090309090909091,0,0.9994,6.000000000000001e-4,0
11,4,0.15000000000000002,35,11.9857,1.089609090909091,0,0.9987,0.0013,0
11,4,0.2,35,11.9747,1.0886090909090909,0,0.9977,0.0023,0
11,4,0.25,35,11.9516,1.0865090909090909,0,0.9956,0.0044,0
11,4,0.3,35,11.8944,1.0813090909090908,0,0.9904,0.0096,0
11,5,0.05,35,11.9989,1.090809090909091,0,0.9999,1e-4,0
11,5,0.1,35,12,1.0909090909090908,0,1,0,0
11,5,0.15000000000000002,35,11.9945,1.0904090909090909,0,0.9995,5e-4,0
11,5,0.2,35,11.9901,1.090009090909091,0,0.9991,9e-4,0
11,5,0.25,35,11.9835,1.0894090909090908,0,0.9985,0.0015,0
11,5,0.3,35,11.9714,1.088309090909091,0,0.9974,0.0026,0
11,6,0.05,35,11.9989,1.090809090909091,0,0.9999,1e-4,0
11,6,0.1,35,11.9989,1.090809090909091,0,0.9999,1e-4,0
11,6,0.15000000000000002,35,11.9967,1.0906090909090909,0,0.9997,3.0000000000000003e-4,0
11,6,0.2,35,11.9956,1.0905090909090909,0,0.9996,4e-4,0
11,6,0.25,35,11.989,1.089909090909091,0,0.999,0.001,0
11,6,0.3,35,11.9791,1.089009090909091,0,0.9981,0.0019,0
11,7,0.05,35,11.9978,1.0907090909090909,0,0.9998,2e-4,0
11,7,0.1,35,11.9967,1.0906090909090909,0,0.9997,3.0000000000000003e-4,0
11,7,0.15000000000000002,35,11.9978,1.0907090909090909,0,0.9998,2e-4,0
11,7,0.2,35,11.9978,1.0907090909090909,0,0.9998,2e-4,0
11,7,0.25,35,11.9967,1.0906090909090909,0,0.9997,3.0000000000000003e-4,0
11,7,0.3,35,11.9901,1.090009090909091,0,0.9991,9e-4,0
11,8,0.05,35,11.9967,1.0906090909090909,0,0.9997,3.0000000000000003e-4,0
11,8,0.1,35,12,1.0909090909090908,0,1,0,0
11,8,0.15000000000000002,35,11.9956,1.0905090909090909,0,0.9996,4e-4,0
11,8,0.2,35,11.9978,1.0907090909090909,0,0.9998,2e-4,0
11,8,0.25,35,11.9989,1.090809090909091,0,0.9999,1e-4,0
11,8,0.3,35,11.9978,1.0907090909090909,0,0.9998,2e-4,0
11,9,0.05,35,12,1.0909090909090908,0,1,0,0
11,9,0.1,35,11.9989,1.090809090909091,0,0.9999,1e-4,0
11,9,0.15000000000000002,35,11.9989,1.090809090909091,0,0.9999,1e-4,0
11,9,0.2,35,11.9967,1.0906090909090909,0,0.9997,3.0000000000000003e-4,0
11,9,0.25,35,11.9978,1.0907090909090909,0,0.9998,2e-4,0
11,9,0.3,35,11.9978,1.0907090909090909,0,0.9998,2e-4,0
11,10,0.05,35,11.9989,1.090809090909091,0,0.9999,1e-4,0
11,10,0.1,35,11.9989,1.090809090909091,0,0.9999,1e-4,0
11,10,0.15000000000000002,35,11.9978,1.0907090909090909,0,0.9998,2e-4,0
11,10,0.2,35,11.9989,1.090809090909091,0,0.9999,1e-4,0
11,10,0.25,35,11.9989,1.090809090909091,0,0.9999,1e-4,0
11,10,0.3,35,12,1.0909090909090908,0,1,0,0
11,11,0.05,35,11.9978,1.0907090909090909,0,0.9998,2e-4,0
11,11,0.1,35,11.9989,1.090809090909091,0,0.9999,1e-4,0
11,11,0.15000000000000002,35,11.9989,1.090809090909091,0,0.9999,1e-4,0
11,11,0.2,35,11.9989,1.090809090909091,0,0.9999,1e-4,0
11,11,0.25,35,11.9989,1.090809090909091,0,0.9999,1e-4,0
11,11,0.3,35,11.9989,1.090809090909091,0,0.9999,1e-4,0
12,0,0.05,35,1,0.08333333333333333,1,0,0,0
12,0,0.1,35,1,0.08333333333333333,1,0,0,0
12,0,0.15000000000000002,35,1,0.08333333333333333,1,0,0,0
12,0,0.2,35,1,0.08333333333333333,1,0,0,0
12,0,0.25,35,1,0.08333333333333333,1,0,0,0
12,0,0.3,35,1,0.08333333333333333,1,0,0,0
12,1,0.05,35,12.3724,1.0310333333333335,0,0.9477,0.0523,0
12,1,0.1,35,11.7316,0.9776333333333334,0,0.8943,0.1057,0
12,1,0.15000000000000002,35,11.2624,0.9385333333333333,0,0.8552,0.1448,0
12,1,0.2,35,10.5976,0.8831333333333333,0,0.7998,0.2002,0
12,1,0.25,35,10.0804,0.8400333333333333,0,0.7567,0.2433,0
12,1,0.3,35,9.466,0.7888333333333333,0,0.7055,0.2945,0
12,2,0.05,35,12.9604,1.0800333333333334,0,0.9967,0.0033,0
12,2,0.1,35,12.8068,1.0672333333333335,0,0.9839,0.0161,0
12,2,0.15000000000000002,35,12.688,1.0573333333333335,0,0.974,0.026,0
12,2,0.2,35,12.49,1.0408333333333333,0,0.9575,0.0425,0
12,2,0.25,35,12.1984,1.0165333333333333,0,0.9332,0.0668,0
12,2,0.3,35,11.92,0.9933333333333333,0,0.91,0.09,0
12,3,0.05,35,12.9952,1.0829333333333333,0,0.9996,4e-4,0
12,3,0.1,35,12.9676,1.0806333333333333,0,0.9973,0.0027,0
12,3,0.15000000000000002,35,12.9448,1.0787333333333333,0,0.9954,0.0046,0
12,3,0.2,35,12.8776,1.0731333333333333,0,0.9898,0.0102,0
12,3,0.25,35,12.7636,1.0636333333333334,0,0.9803,0.0197,0
12,3,0.3,35,12.6196,1.0516333333333334,0,0.9683,0.0317,0
12,4,0.05,35,12.9964,1.0830333333333333,0,0.9997,3.0000000000000003e-4,0
12,4,0.1,35,12.9928,1.0827333333333333,0,0.9994,6.000000000000001e-4,0
12,4,0.15000000000000002,35,12.9868,1.0822333333333334,0,0.9989,0.0011,0
12,4,0.2,35,12.9712,1.0809333333333333,0,0.9976,0.0024,0
12,4,0.25,35,12.9232,1.0769333333333333,0,0.9936,0.0064,0
12,4,0.3,35,12.8812,1.0734333333333332,0,0.9901,0.0099,0
12,5,0.05,35,13,1.0833333333333333,0,1,0,0
12,5,0.1,35,12.9976,1.0831333333333333,0,0.9998,2e-4,0
12,5,0.15000000000000002,35,12.9964,1.0830333333333333,0,0.9997,3.0000000000000003e-4,0
12,5,0.2,35,12.9964,1.0830333333333333,0,0.9997,3.0000000000000003e-4,0
12,5,0.25,35,12.9712,1.0809333333333333,0,0.9976,0.0024000000000000002,0
12,5,0.3,35,12.9532,1.0794333333333335,0,0.9961,0.0039,0
12,6,0.05,35,13,1.0833333333333333,0,1,0,0
12,6,0.1,35,13,1.0833333333333333,0,1,0,0
12,6,0.15000000000000002,35,12.9976,1.0831333333333333,0,0.9998,2e-4,0
12,6,0.2,35,12.9976,1.0831333333333333,0,0.9998,2e-4,0
12,6,0.25,35,12.9868,1.0822333333333334,0,0.9989,0.0011,0
12,6,0.3,35,12.9748,1.0812333333333333,0,0.9979,0.0021,0
12,7,0.05,35,13,1.0833333333333333,0,1,0,0
12,7,0.1,35,13,1.0833333333333333,0,1,0,0
12,7,0.15000000000000002,35,12.9988,1.0832333333333333,0,0.9999,1e-4,0
12,7,0.2,35,12.9988,1.0832333333333333,0,0.9999,1e-4,0
12,7,0.25,35,12.9952,1.0829333333333333,0,0.9996,4e-4,0
12,7,0.3,35,12.988,1.0823333333333334,0,0.999,0.001,0
12,8,0.05,35,13,1.0833333333333333,0,1,0,0
12,8,0.1,35,13,1.0833333333333333,0,1,0,0
12,8,0.15000000000000002,35,12.9976,1.0831333333333333,0,0.9998,2e-4,0
12,8,0.2,35,12.9976,1.0831333333333333,0,0.9998,2e-4,0
12,8,0.25,35,13,1.0833333333333333,0,1,0,0
12,8,0.3,35,12.9928,1.0827333333333333,0,0.9994,6.000000000000001e-4,0
12,9,0.05,35,13,1.0833333333333333,0,1,0,0
12,9,0.1,35,12.9988,1.0832333333333333,0,0.9999,1e-4,0
12,9,0.15000000000000002,35,12.9976,1.0831333333333333,0,0.9998,2e-4,0
12,9,0.2,35,13,1.0833333333333333,0,1,0,0
12,9,0.25,35,12.9976,1.0831333333333333,0,0.9998,2e-4,0
12,9,0.3,35,12.9964,1.0830333333333333,0,0.9997,3.0000000000000003e-4,0
12,10,0.05,35,13,1.0833333333333333,0,1,0,0
12,10,0.1,35,12.9964,1.0830333333333333,0,0.9997,3.0000000000000003e-4,0
12,10,0.15000000000000002,35,12.9976,1.0831333333333333,0,0.9998,2e-4,0
12,10,0.2,35,12.9976,1.0831333333333333,0,0.9998,2e-4,0
12,10,0.25,35,12.9964,1.0830333333333333,0,0.9997,3.0000000000000003e-4,0
12,10,0.3,35,12.9988,1.0832333333333333,0,0.9999,1e-4,0
12,11,0.05,35,13,1.0833333333333333,0,1,0,0
12,11,0.1,35,13,1.0833333333333333,0,1,0,0
12,11,0.15000000000000002,35,13,1.0833333333333333,0,1,0,0
12,11,0.2,35,13,1.0833333333333333,0,1,0,0
12,11,0.25,35,13,1.0833333333333333,0,1,0,0
12,11,0.3,35,13,1.0833333333333333,0,1,0,0
12,12,0.05,35,12.9988,1.0832333333333333,0,0.9999,1e-4,0
12,12,0.1,35,13,1.0833333333333333,0,1,0,0
12,12,0.15000000000000002,35,12.9988,1.0832333333333333,0,0.9999,1e-4,0
12,12,0.2,35,12.9988,1.0832333333333333,0,0.9999,1e-4,0
12,12,0.25,35,12.9988,1.0832333333333333,0,0.9999,1e-4,0
12,12,0.3,35,13,1.0833333333333333,0,1,0,0
13,0,0.05,35,1,0.07692307692307693,1,0,0,0
13,0,0.1,35,1,0.07692307692307693,1,0,0,0
13,0,0.15000000000000002,35,1,0.07692307692307693,1,0,0,0
13,0,0.2,35,1,0.07692307692307693,1,0,0,0
13,0,0.25,35,1,0.07692307692307693,1,0,0,0
13,0,0.3,35,1,0.07692307692307693,1,0,0,0
13,1,0.05,35,13.2811,1.021623076923077,0,0.9447,0.0553,0
13,1,0.1,35,12.544,0.964923076923077,0,0.888,0.112,0
13,1,0.15000000000000002,35,12.0162,0.9243230769230769,0,0.8474,0.1526,0
13,1,0.2,35,11.3935,0.8764230769230769,0,0.7995,0.2005,0
13,1,0.25,35,10.7422,0.8263230769230769,0,0.7494,0.2506,0
13,1,0.3,35,10.1845,0.7834230769230769,0,0.7065,0.2935,0
13,2,0.05,35,13.9532,1.073323076923077,0,0.9964,0.0036,0
13,2,0.1,35,13.7959,1.0612230769230768,0,0.9843,0.0157,0
13,2,0.15000000000000002,35,13.6321,1.0486230769230769,0,0.9717,0.0283,0
13,2,0.2,35,13.441,1.033923076923077,0,0.957,0.043,0
13,2,0.25,35,13.155,1.011923076923077,0,0.935,0.065,0
13,2,0.3,35,12.817,0.9859230769230769,0,0.909,0.091,0
13,3,0.05,35,13.9961,1.076623076923077,0,0.9997,3.0000000000000003e-4,0
13,3,0.1,35,13.9727,1.0748230769230769,0,0.9979,0.0021,0
13,3,0.15000000000000002,35,13.9389,1.072223076923077,0,0.9953,0.0047,0
13,3,0.2,35,13.8674,1.0667230769230769,0,0.9898,0.0102,0
13,3,0.25,35,13.7465,1.0574230769230768,0,0.9805,0.0195,0
13,3,0.3,35,13.5892,1.045323076923077,0,0.9684,0.0316,0
13,4,0.05,35,13.9974,1.076723076923077,0,0.9998,2e-4,0
13,4,0.1,35,13.9948,1.076523076923077,0,0.9996,4e-4,0
13,4,0.15000000000000002,35,13.9909,1.076223076923077,0,0.9993,7e-4,0
13,4,0.2,35,13.9597,1.073823076923077,0,0.9969,0.0031,0
13,4,0.25,35,13.9207,1.0708230769230769,0,0.9939,0.0061,0
13,4,0.3,35,13.8544,1.065723076923077,0,0.9888,0.0112,0
13,5,0.05,35,13.9974,1.076723076923077,0,0.9998,2e-4,0
13,5,0.1,35,13.9974,1.076723076923077,0,0.9998,2e-4,0
13,5,0.15000000000000002,35,13.9948,1.076523076923077,0,0.9996,4e-4,0
13,5,0.2,35,13.9805,1.0754230769230768,0,0.9985,0.0015,0
13,5,0.25,35,13.9597,1.073823076923077,0,0.9969,0.0031,0
13,5,0.3,35,13.9402,1.072323076923077,0,0.9954,0.0046,0
13,6,0.05,35,13.9974,1.076723076923077,0,0.9998,2e-4,0
13,6,0.1,35,14,1.0769230769230769,0,1,0,0
13,6,0.15000000000000002,35,13.9987,1.0768230769230769,0,0.9999,1e-4,0
13,6,0.2,35,13.9922,1.076323076923077,0,0.9994,6.000000000000001e-4,0
13,6,0.25,35,13.9792,1.075323076923077,0,0.9984,0.0016,0
13,6,0.3,35,13.9818,1.0755230769230768,0,0.9986,0.0014,0
13,7,0.05,35,14,1.0769230769230769,0,1,0,0
13,7,0.1,35,13.9987,1.0768230769230769,0,0.9999,1e-4,0
13,7,0.15000000000000002,35,13.9961,1.076623076923077,0,0.9997,3.0000000000000003e-4,0
13,7,0.2,35,13.9961,1.076623076923077,0,0.9997,3.0000000000000003e-4,0
13,7,0.25,35,13.9961,1.076623076923077,0,0.9997,3.0000000000000003e-4,0
13,7,0.3,35,13.9831,1.075623076923077,0,0.9987,0.0013,0
13,8,0.05,35,14,1.0769230769230769,0,1,0,0
13,8,0.1,35,14,1.0769230769230769,0,1,0,0
13,8,0.15000000000000002,35,13.9987,1.0768230769230769,0,0.9999,1e-4,0
13,8,0.2,35,13.9974,1.076723076923077,0,0.9998,2e-4,0
13,8,0.25,35,13.9987,1.0768230769230769,0,0.9999,1e-4,0
13,8,0.3,35,13.9948,1.076523076923077,0,0.9996,4e-4,0
13,9,0.05,35,14,1.0769230769230769,0,1,0,0
13,9,0.1,35,13.9987,1.0768230769230769,0,0.9999,1e-4,0
13,9,0.15000000000000002,35,13.9948,1.076523076923077,0,0.9996,4e-4,0
13,9,0.2,35,13.9961,1.076623076923077,0,0.9997,3e-4,0
13,9,0.25,35,13.9987,1.0768230769230769,0,0.9999,1e-4,0
13,9,0.3,35,13.9935,1.076423076923077,0,0.9995,5e-4,0
13,10,0.05,35,13.9987,1.0768230769230769,0,0.9999,1e-4,0
13,10,0.1,35,14,1.0769230769230769,0,1,0,0
13,10,0.15000000000000002,35,13.9974,1.076723076923077,0,0.9998,2e-4,0
13,10,0.2,35,13.9987,1.0768230769230769,0,0.9999,1e-4,0
13,10,0.25,35,14,1.0769230769230769,0,1,0,0
13,10,0.3,35,13.9987,1.0768230769230769,0,0.9999,1e-4,0
13,11,0.05,35,14,1.0769230769230769,0,1,0,0
13,11,0.1,35,14,1.0769230769230769,0,1,0,0
13,11,0.15000000000000002,35,14,1.0769230769230769,0,1,0,0
13,11,0.2,35,14,1.0769230769230769,0,1,0,0
13,11,0.25,35,13.9974,1.076723076923077,0,0.9998,2e-4,0
13,11,0.3,35,13.9987,1.0768230769230769,0,0.9999,1e-4,0
13,12,0.05,35,14,1.0769230769230769,0,1,0,0
13,12,0.1,35,13.9974,1.076723076923077,0,0.9998,2e-4,0
13,12,0.15000000000000002,35,13.9974,1.076723076923077,0,0.9998,2e-4,0
13,12,0.2,35,14,1.0769230769230769,0,1,0,0
13,12,0.25,35,13.9987,1.0768230769230769,0,0.9999,1e-4,0
13,12,0.3,35,13.9987,1.0768230769230769,0,0.9999,1e-4,0
13,13,0.05,35,14,1.0769230769230769,0,1,0,0
13,13,0.1,35,14,1.0769230769230769,0,1,0,0
13,13,0.15000000000000002,35,14,1.0769230769230769,0,1,0,0
13,13,0.2,35,13.9974,1.076723076923077,0,0.9998,2e-4,0
13,13,0.25,35,14,1.0769230769230769,0,1,0,0
13,13,0.3,35,13.9987,1.0768230769230769,0,0.9999,1e-4,0
14,0,0.05,35,1,0.07142857142857142,1,0,0,0
14,0,0.1,35,1,0.07142857142857142,1,0,0,0
14,0,0.15000000000000002,35,1,0.07142857142857142,1,0,0,0
14,0,0.2,35,1,0.07142857142857142,1,0,0,0
14,0,0.25,35,1,0.07142857142857142,1,0,0,0
14,0,0.3,35,1,0.07142857142857142,1,0,0,0
14,1,0.05,35,14.1488,1.0106285714285714,0,0.9392,0.0608,0
14,1,0.1,35,13.4026,0.9573285714285714,0,0.8859,0.1141,0
14,1,0.15000000000000002,35,12.8748,0.9196285714285715,0,0.8482,0.1518,0
14,1,0.2,35,12.137,0.8669285714285715,0,0.7955,0.2045,0
14,1,0.25,35,11.5224,0.8230285714285713,0,0.7516,0.2484,0
14,1,0.3,35,10.7678,0.7691285714285714,0,0.6977,0.3023,0
14,2,0.05,35,14.9412,1.0672285714285714,0,0.9958,0.0042,0
14,2,0.1,35,14.7732,1.0552285714285714,0,0.9838,0.0162,0
14,2,0.15000000000000002,35,14.608,1.0434285714285714,0,0.972,0.028,0
14,2,0.2,35,14.3266,1.0233285714285714,0,0.9519,0.0481,0
14,2,0.25,35,14.0158,1.0011285714285714,0,0.9297,0.0703,0
14,2,0.3,35,13.7036,0.9788285714285714,0,0.9074,0.0926,0
14,3,0.05,35,14.9944,1.0710285714285714,0,0.9996,4e-4,0
14,3,0.1,35,14.9636,1.0688285714285715,0,0.9974,0.0026,0
14,3,0.15000000000000002,35,14.9132,1.0652285714285714,0,0.9938,0.0062,0
14,3,0.2,35,14.8432,1.0602285714285713,0,0.9888,0.0112,0
14,3,0.25,35,14.6934,1.0495285714285714,0,0.9781,0.0219,0
14,3,0.3,35,14.5142,1.0367285714285714,0,0.9653,0.0347,0
14,4,0.05,35,14.9986,1.0713285714285714,0,0.9999,1e-4,0
14,4,0.1,35,14.9916,1.0708285714285715,0,0.9994,6.000000000000001e-4,0
14,4,0.15000000000000002,35,14.9818,1.0701285714285713,0,0.9987,0.0013,0
14,4,0.2,35,14.9594,1.0685285714285715,0,0.9971,0.0029,0
14,4,0.25,35,14.8754,1.0625285714285715,0,0.9911,0.0089,0
14,4,0.3,35,14.8334,1.0595285714285714,0,0.9881,0.0119,0
14,5,0.05,35,14.9986,1.0713285714285714,0,0.9999,1e-4,0
14,5,0.1,35,15,1.0714285714285714,0,1,0,0
14,5,0.15000000000000002,35,14.9944,1.0710285714285714,0,0.9996,4e-4,0
14,5,0.2,35,14.9874,1.0705285714285713,0,0.9991,9e-4,0
14,5,0.25,35,14.9692,1.0692285714285714,0,0.9978,0.0022,0
14,5,0.3,35,14.9412,1.0672285714285714,0,0.9958,0.0042,0
14,6,0.05,35,15,1.0714285714285714,0,1,0,0
14,6,0.1,35,15,1.0714285714285714,0,1,0,0
14,6,0.15000000000000002,35,14.9986,1.0713285714285714,0,0.9999,1e-4,0
14,6,0.2,35,14.993,1.0709285714285715,0,0.9995,5e-4,0
14,6,0.25,35,14.9916,1.0708285714285715,0,0.9994,6e-4,0
14,6,0.3,35,14.9748,1.0696285714285714,0,0.9982,0.0018,0
14,7,0.05,35,14.9986,1.0713285714285714,0,0.9999,1e-4,0
14,7,0.1,35,14.9986,1.0713285714285714,0,0.9999,1e-4,0
14,7,0.15000000000000002,35,14.9986,1.0713285714285714,0,0.9999,1e-4,0
14,7,0.2,35,14.9958,1.0711285714285714,0,0.9997,3.0000000000000003e-4,0
14,7,0.25,35,14.993,1.0709285714285715,0,0.9995,5e-4,0
14,7,0.3,35,14.9888,1.0706285714285715,0,0.9992,8e-4,0
14,8,0.05,35,14.9986,1.0713285714285714,0,0.9999,1e-4,0
14,8,0.1,35,14.9986,1.0713285714285714,0,0.9999,1e-4,0
14,8,0.15000000000000002,35,14.9972,1.0712285714285714,0,0.9998,2e-4,0
14,8,0.2,35,14.9986,1.0713285714285714,0,0.9999,1e-4,0
14,8,0.25,35,14.9944,1.0710285714285714,0,0.9996,4e-4,0
14,8,0.3,35,14.9902,1.0707285714285715,0,0.9993,7e-4,0
14,9,0.05,35,15,1.0714285714285714,0,1,0,0
14,9,0.1,35,14.9958,1.0711285714285714,0,0.9997,3.0000000000000003e-4,0
14,9,0.15000000000000002,35,14.9986,1.0713285714285714,0,0.9999,1e-4,0
14,9,0.2,35,14.9986,1.0713285714285714,0,0.9999,1e-4,0
14,9,0.25,35,15,1.0714285714285714,0,1,0,0
14,9,0.3,35,14.9972,1.0712285714285714,0,0.9998,2e-4,0
14,10,0.05,35,14.9986,1.0713285714285714,0,0.9999,1e-4,0
14,10,0.1,35,15,1.0714285714285714,0,1,0,0
14,10,0.15000000000000002,35,14.9986,1.0713285714285714,0,0.9999,1e-4,0
14,10,0.2,35,15,1.0714285714285714,0,1,0,0
14,10,0.25,35,14.9986,1.0713285714285714,0,0.9999,1e-4,0
14,10,0.3,35,14.9972,1.0712285714285714,0,0.9998,2e-4,0
14,11,0.05,35,15,1.0714285714285714,0,1,0,0
14,11,0.1,35,14.9986,1.0713285714285714,0,0.9999,1e-4,0
14,11,0.15000000000000002,35,15,1.0714285714285714,0,1,0,0
14,11,0.2,35,14.9972,1.0712285714285714,0,0.9998,2e-4,0
14,11,0.25,35,14.9986,1.0713285714285714,0,0.9999,1e-4,0
14,11,0.3,35,14.9972,1.0712285714285714,0,0.9998,2e-4,0
14,12,0.05,35,14.9986,1.0713285714285714,0,0.9999,1e-4,0
14,12,0.1,35,14.9986,1.0713285714285714,0,0.9999,1e-4,0
14,12,0.15000000000000002,35,15,1.0714285714285714,0,1,0,0
14,12,0.2,35,14.9958,1.0711285714285714,0,0.9997,3.0000000000000003e-4,0
14,12,0.25,35,14.9972,1.0712285714285714,0,0.9998,2e-4,0
14,12,0.3,35,14.9972,1.0712285714285714,0,0.9998,2e-4,0
14,13,0.05,35,14.9986,1.0713285714285714,0,0.9999,1e-4,0
14,13,0.1,35,14.9972,1.0712285714285714,0,0.9998,2e-4,0
14,13,0.15000000000000002,35,14.9986,1.0713285714285714,0,0.9999,1e-4,0
14,13,0.2,35,14.9986,1.0713285714285714,0,0.9999,1e-4,0
14,13,0.25,35,14.9986,1.0713285714285714,0,0.9999,1e-4,0
14,13,0.3,35,14.9986,1.0713285714285714,0,0.9999,1e-4,0
14,14,0.05,35,14.9986,1.0713285714285714,0,0.9999,1e-4,0
14,14,0.1,35,15,1.0714285714285714,0,1,0,0
14,14,0.15000000000000002,35,14.9986,1.0713285714285714,0,0.9999,1e-4,0
14,14,0.2,35,15,1.0714285714285714,0,1,0,0
14,14,0.25,35,15,1.0714285714285714,0,1,0,0
14,14,0.3,35,15,1.0714285714285714,0,1,0,0
15,0,0.05,35,1,0.06666666666666667,1,0,0,0
15,0,0.1,35,1,0.06666666666666667,1,0,0,0
15,0,0.15000000000000002,35,1,0.06666666666666667,1,0,0,0
15,0,0.2,35,1,0.06666666666666667,1,0,0,0
15,0,0.25,35,1,0.06666666666666667,1,0,0,0
15,0,0.3,35,1,0.06666666666666667,1,0,0,0
15,1,0.05,35,15.076,1.0050666666666668,0,0.9384,0.0616,0
15,1,0.1,35,14.3095,0.9539666666666666,0,0.8873,0.1127,0
15,1,0.15000000000000002,35,13.606,0.9070666666666667,0,0.8404,0.1596,0
15,1,0.2,35,12.829,0.8552666666666667,0,0.7886,0.2114,0
15,1,0.25,35,12.1135,0.8075666666666667,0,0.7409,0.2591,0
15,1,0.3,35,11.518,0.7678666666666667,0,0.7012,0.2988,0
15,2,0.05,35,15.9325,1.0621666666666667,0,0.9955,0.0045,0
15,2,0.1,35,15.7585,1.0505666666666666,0,0.9839,0.0161,0
15,2,0.15000000000000002,35,15.559,1.0372666666666666,0,0.9706,0.0294,0
15,2,0.2,35,15.2905,1.0193666666666668,0,0.9527,0.0473,0
15,2,0.25,35,14.8795,0.9919666666666667,0,0.9253,0.0747,0
15,2,0.3,35,14.536,0.9690666666666666,0,0.9024,0.0976,0
15,3,0.05,35,15.9955,1.0663666666666667,0,0.9997,3.0000000000000003e-4,0
15,3,0.1,35,15.958,1.0638666666666667,0,0.9972,0.0028,0
15,3,0.15000000000000002,35,15.904,1.0602666666666667,0,0.9936,0.0064,0
15,3,0.2,35,15.823,1.0548666666666666,0,0.9882,0.0118,0
15,3,0.25,35,15.652,1.0434666666666665,0,0.9768,0.0232,0
15,3,0.3,35,15.5035,1.0335666666666667,0,0.9669,0.0331,0
15,4,0.05,35,15.9985,1.0665666666666667,0,0.9999,1e-4,0
15,4,0.1,35,15.9805,1.0653666666666666,0,0.9987,0.0013,0
15,4,0.15000000000000002,35,15.973,1.0648666666666666,0,0.9982,0.0018,0
15,4,0.2,35,15.9415,1.0627666666666666,0,0.9961,0.0039,0
15,4,0.25,35,15.8755,1.0583666666666667,0,0.9917,0.0083,0
15,4,0.3,35,15.82,1.0546666666666666,0,0.988,0.012,0
15,5,0.05,35,15.997,1.0664666666666667,0,0.9998,2e-4,0
15,5,0.1,35,15.9985,1.0665666666666667,0,0.9999,1e-4,0
15,5,0.15000000000000002,35,15.994,1.0662666666666667,0,0.9996,4e-4,0
15,5,0.2,35,15.988,1.0658666666666667,0,0.9992,8e-4,0
15,5,0.25,35,15.964,1.0642666666666667,0,0.9976,0.0024,0
15,5,0.3,35,15.9295,1.0619666666666667,0,0.9953,0.0047,0
15,6,0.05,35,15.997,1.0664666666666667,0,0.9998,2e-4,0
15,6,0.1,35,16,1.0666666666666667,0,1,0,0
15,6,0.15000000000000002,35,15.9985,1.0665666666666667,0,0.9999,1e-4,0
15,6,0.2,35,15.988,1.0658666666666667,0,0.9992,8e-4,0
15,6,0.25,35,15.9835,1.0655666666666666,0,0.9989,0.0011,0
15,6,0.3,35,15.973,1.0648666666666666,0,0.9982,0.0018,0
15,7,0.05,35,15.997,1.0664666666666667,0,0.9998,2e-4,0
15,7,0.1,35,16,1.0666666666666667,0,1,0,0
15,7,0.15000000000000002,35,15.9985,1.0665666666666667,0,0.9999,1e-4,0
15,7,0.2,35,15.9955,1.0663666666666667,0,0.9997,3.0000000000000003e-4,0
15,7,0.25,35,15.994,1.0662666666666667,0,0.9996,4e-4,0
15,7,0.3,35,15.9865,1.0657666666666665,0,0.9991,9e-4,0
15,8,0.05,35,16,1.0666666666666667,0,1,0,0
15,8,0.1,35,16,1.0666666666666667,0,1,0,0
15,8,0.15000000000000002,35,16,1.0666666666666667,0,1,0,0
15,8,0.2,35,15.997,1.0664666666666667,0,0.9998,2e-4,0
15,8,0.25,35,15.997,1.0664666666666667,0,0.9998,2e-4,0
15,8,0.3,35,15.9985,1.0665666666666667,0,0.9999,1e-4,0
15,9,0.05,35,15.997,1.0664666666666667,0,0.9998,2e-4,0
15,9,0.1,35,16,1.0666666666666667,0,1,0,0
15,9,0.15000000000000002,35,15.9985,1.0665666666666667,0,0.9999,1e-4,0
15,9,0.2,35,15.994,1.0662666666666667,0,0.9996,4e-4,0
15,9,0.25,35,15.994,1.0662666666666667,0,0.9996,4e-4,0
15,9,0.3,35,15.9955,1.0663666666666667,0,0.9997,3.0000000000000003e-4,0
15,10,0.05,35,15.997,1.0664666666666667,0,0.9998,2e-4,0
15,10,0.1,35,15.9985,1.0665666666666667,0,0.9999,1e-4,0
15,10,0.15000000000000002,35,16,1.0666666666666667,0,1,0,0
15,10,0.2,35,16,1.0666666666666667,0,1,0,0
15,10,0.25,35,15.9985,1.0665666666666667,0,0.9999,1e-4,0
15,10,0.3,35,15.997,1.0664666666666667,0,0.9998,2e-4,0
15,11,0.05,35,15.997,1.0664666666666667,0,0.9998,2e-4,0
15,11,0.1,35,16,1.0666666666666667,0,1,0,0
15,11,0.15000000000000002,35,16,1.0666666666666667,0,1,0,0
15,11,0.2,35,16,1.0666666666666667,0,1,0,0
15,11,0.25,35,15.997,1.0664666666666667,0,0.9998,2e-4,0
15,11,0.3,35,15.9985,1.0665666666666667,0,0.9999,1e-4,0
15,12,0.05,35,16,1.0666666666666667,0,1,0,0
15,12,0.1,35,15.9955,1.0663666666666667,0,0.9997,3.0000000000000003e-4,0
15,12,0.15000000000000002,35,16,1.0666666666666667,0,1,0,0
15,12,0.2,35,15.9985,1.0665666666666667,0,0.9999,1e-4,0
15,12,0.25,35,16,1.0666666666666667,0,1,0,0
15,12,0.3,35,15.9955,1.0663666666666667,0,0.9997,3e-4,0
15,13,0.05,35,15.9985,1.0665666666666667,0,0.9999,1e-4,0
15,13,0.1,35,16,1.0666666666666667,0,1,0,0
15,13,0.15000000000000002,35,16,1.0666666666666667,0,1,0,0
15,13,0.2,35,16,1.0666666666666667,0,1,0,0
15,13,0.25,35,16,1.0666666666666667,0,1,0,0
15,13,0.3,35,15.9985,1.0665666666666667,0,0.9999,1e-4,0
15,14,0.05,35,16,1.0666666666666667,0,1,0,0
15,14,0.1,35,16,1.0666666666666667,0,1,0,0
15,14,0.15000000000000002,35,15.9985,1.0665666666666667,0,0.9999,1e-4,0
15,14,0.2,35,15.9985,1.0665666666666667,0,0.9999,1e-4,0
15,14,0.25,35,15.997,1.0664666666666667,0,0.9998,2e-4,0
15,14,0.3,35,15.997,1.0664666666666667,0,0.9998,2e-4,0
15,15,0.05,35,16,1.0666666666666667,0,1,0,0
15,15,0.1,35,16,1.0666666666666667,0,1,0,0
15,15,0.15000000000000002,35,15.9985,1.0665666666666667,0,0.9999,1e-4,0
15,15,0.2,35,15.997,1.0664666666666667,0,0.9998,2e-4,0
15,15,0.25,35,15.9985,1.0665666666666667,0,0.9999,1e-4,0
15,15,0.3,35,15.9985,1.0665666666666667,0,0.9999,1e-4,0
16,0,0.05,35,1,0.0625,1,0,0,0
16,0,0.1,35,1,0.0625,1,0,0,0
16,0,0.15000000000000002,35,1,0.0625,1,0,0,0
16,0,0.2,35,1,0.0625,1,0,0,0
16,0,0.25,35,1,0.0625,1,0,0,0
16,0,0.3,35,1,0.0625,1,0,0,0
16,1,0.05,35,16.0288,1.0018,0,0.9393,0.0607,0
16,1,0.1,35,15.0688,0.9418,0,0.8793,0.1207,0
16,1,0.15000000000000002,35,14.4224,0.9014,0,0.8389,0.1611,0
16,1,0.2,35,13.4928,0.8433,0,0.7808,0.2192,0
16,1,0.25,35,12.768,0.798,0,0.7355,0.2645,0
16,1,0.3,35,12.0912,0.7557,0,0.6932,0.3068,0
16,2,0.05,35,16.9248,1.0578,0,0.9953,0.0047,0
16,2,0.1,35,16.7376,1.0461,0,0.9836,0.0164,0
16,2,0.15000000000000002,35,16.5024,1.0314,0,0.9689,0.0311,0
16,2,0.2,35,16.1824,1.0114,0,0.9489,0.0511,0
16,2,0.25,35,15.7696,0.9856,0,0.9231,0.0769,0
16,2,0.3,35,15.3664,0.9604,0,0.8979,0.1021,0
16,3,0.05,35,16.9792,1.0612,0,0.9987,0.0013,0
16,3,0.1,35,16.9488,1.0593,0,0.9968,0.0032,0
16,3,0.15000000000000002,35,16.9088,1.0568,0,0.9943,0.0057,0
16,3,0.2,35,16.792,1.0495,0,0.987,0.013,0
16,3,0.25,35,16.6112,1.0382,0,0.9757,0.0243,0
16,3,0.3,35,16.44,1.0275,0,0.965,0.035,0
16,4,0.05,35,17,1.0625,0,1,0,0
16,4,0.1,35,16.9968,1.0623,0,0.9998,2e-4,0
16,4,0.15000000000000002,35,16.984,1.0615,0,0.999,0.001,0
16,4,0.2,35,16.928,1.058,0,0.9955,0.0045,0
16,4,0.25,35,16.8816,1.0551,0,0.9926,0.0074,0
16,4,0.3,35,16.7472,1.0467,0,0.9842,0.0158,0
16,5,0.05,35,16.9984,1.0624,0,0.9999,1e-4,0
16,5,0.1,35,16.9936,1.0621,0,0.9996,4e-4,0
16,5,0.15000000000000002,35,16.9904,1.0619,0,0.9994,6.000000000000001e-4,0
16,5,0.2,35,16.9776,1.0611,0,0.9986,0.0014,0
16,5,0.25,35,16.9568,1.0598,0,0.9973,0.0027,0
16,5,0.3,35,16.9104,1.0569,0,0.9944,0.0056,0
16,6,0.05,35,16.9968,1.0623,0,0.9998,2e-4,0
16,6,0.1,35,16.9968,1.0623,0,0.9998,2e-4,0
16,6,0.15000000000000002,35,16.9968,1.0623,0,0.9998,2e-4,0
16,6,0.2,35,16.9952,1.0622,0,0.9997,3.0000000000000003e-4,0
16,6,0.25,35,16.9776,1.0611,0,0.9986,0.0014,0
16,6,0.3,35,16.9568,1.0598,0,0.9973,0.0027,0
16,7,0.05,35,17,1.0625,0,1,0,0
16,7,0.1,35,16.9984,1.0624,0,0.9999,1e-4,0
16,7,0.15000000000000002,35,16.9968,1.0623,0,0.9998,2e-4,0
16,7,0.2,35,16.9984,1.0624,0,0.9999,1e-4,0
16,7,0.25,35,16.9904,1.0619,0,0.9994,6.000000000000001e-4,0
16,7,0.3,35,16.9728,1.0608,0,0.9983,0.0017000000000000001,0
16,8,0.05,35,16.9984,1.0624,0,0.9999,1e-4,0
16,8,0.1,35,17,1.0625,0,1,0,0
16,8,0.15000000000000002,35,16.9984,1.0624,0,0.9999,1e-4,0
16,8,0.2,35,17,1.0625,0,1,0,0
16,8,0.25,35,16.9952,1.0622,0,0.9997,3.0000000000000003e-4,0
16,8,0.3,35,16.9936,1.0621,0,0.9996,4e-4,0
16,9,0.05,35,16.9968,1.0623,0,0.9998,2e-4,0
16,9,0.1,35,16.9952,1.0622,0,0.9997,3.0000000000000003e-4,0
16,9,0.15000000000000002,35,17,1.0625,0,1,0,0
16,9,0.2,35,17,1.0625,0,1,0,0
16,9,0.25,35,16.9984,1.0624,0,0.9999,1e-4,0
16,9,0.3,35,16.9936,1.0621,0,0.9996,4e-4,0
16,10,0.05,35,17,1.0625,0,1,0,0
16,10,0.1,35,16.9984,1.0624,0,0.9999,1e-4,0
16,10,0.15000000000000002,35,16.9984,1.0624,0,0.9999,1e-4,0
16,10,0.2,35,16.9968,1.0623,0,0.9998,2e-4,0
16,10,0.25,35,17,1.0625,0,1,0,0
16,10,0.3,35,16.9984,1.0624,0,0.9999,1e-4,0
16,11,0.05,35,17,1.0625,0,1,0,0
16,11,0.1,35,16.9984,1.0624,0,0.9999,1e-4,0
16,11,0.15000000000000002,35,17,1.0625,0,1,0,0
16,11,0.2,35,17,1.0625,0,1,0,0
16,11,0.25,35,16.9984,1.0624,0,0.9999,1e-4,0
16,11,0.3,35,17,1.0625,0,1,0,0
16,12,0.05,35,17,1.0625,0,1,0,0
16,12,0.1,35,16.9984,1.0624,0,0.9999,1e-4,0
16,12,0.15000000000000002,35,16.9984,1.0624,0,0.9999,1e-4,0
16,12,0.2,35,16.9968,1.0623,0,0.9998,2e-4,0
16,12,0.25,35,17,1.0625,0,1,0,0
16,12,0.3,35,17,1.0625,0,1,0,0
16,13,0.05,35,17,1.0625,0,1,0,0
16,13,0.1,35,17,1.0625,0,1,0,0
16,13,0.15000000000000002,35,16.9984,1.0624,0,0.9999,1e-4,0
16,13,0.2,35,17,1.0625,0,1,0,0
16,13,0.25,35,16.9968,1.0623,0,0.9998,2e-4,0
16,13,0.3,35,17,1.0625,0,1,0,0
16,14,0.05,35,16.9984,1.0624,0,0.9999,1e-4,0
16,14,0.1,35,16.9984,1.0624,0,0.9999,1e-4,0
16,14,0.15000000000000002,35,17,1.0625,0,1,0,0
16,14,0.2,35,16.9952,1.0622,0,0.9997,3.0000000000000003e-4,0
16,14,0.25,35,17,1.0625,0,1,0,0
16,14,0.3,35,16.9984,1.0624,0,0.9999,1e-4,0
16,15,0.05,35,16.9968,1.0623,0,0.9998,2e-4,0
16,15,0.1,35,17,1.0625,0,1,0,0
16,15,0.15000000000000002,35,16.9984,1.0624,0,0.9999,1e-4,0
16,15,0.2,35,16.9984,1.0624,0,0.9999,1e-4,0
16,15,0.25,35,16.9968,1.0623,0,0.9998,2e-4,0
16,15,0.3,35,16.9984,1.0624,0,0.9999,1e-4,0
16,16,0.05,35,16.9984,1.0624,0,0.9999,1e-4,0
16,16,0.1,35,16.9984,1.0624,0,0.9999,1e-4,0
16,16,0.15000000000000002,35,16.9984,1.0624,0,0.9999,1e-4,0
16,16,0.2,35,16.9984,1.0624,0,0.9999,1e-4,0
16,16,0.25,35,16.9984,1.0624,0,0.9999,1e-4,0
16,16,0.3,35,16.9984,1.0624,0,0.9999,1e-4,0
17,0,0.05,35,1,0.058823529411764705,1,0,0,0
17,0,0.1,35,1,0.058823529411764705,1,0,0,0
17,0,0.15000000000000002,35,1,0.058823529411764705,1,0,0,0
17,0,0.2,35,1,0.058823529411764705,1,0,0,0
17,0,0.25,35,1,0.058823529411764705,1,0,0,0
17,0,0.3,35,1,0.058823529411764705,1,0,0,0
17,1,0.05,35,16.9511,0.9971235294117647,0,0.9383,0.0617,0
17,1,0.1,35,15.8954,0.9350235294117647,0,0.8762,0.1238,0
17,1,0.15000000000000002,35,15.1321,0.8901235294117646,0,0.8313,0.1687,0
17,1,0.2,35,14.2872,0.8404235294117647,0,0.7816,0.2184,0
17,1,0.25,35,13.4168,0.7892235294117648,0,0.7304,0.2696,0
17,1,0.3,35,12.6433,0.7437235294117647,0,0.6849,0.3151,0
17,2,0.05,35,17.8555,1.0503235294117648,0,0.9915,0.0085,0
17,2,0.1,35,17.6651,1.0391235294117647,0,0.9803,0.0197,0
17,2,0.15000000000000002,35,17.4747,1.0279235294117646,0,0.9691,0.0309,0
17,2,0.2,35,17.0888,1.0052235294117646,0,0.9464,0.0536,0
17,2,0.25,35,16.7981,0.9881235294117648,0,0.9293,0.0707,0
17,2,0.3,35,16.147,0.9498235294117646,0,0.891,0.109,0
17,3,0.05,35,17.9813,1.0577235294117648,0,0.9989,0.0011,0
17,3,0.1,35,17.9439,1.0555235294117646,0,0.9967,0.0033,0
17,3,0.15000000000000002,35,17.8759,1.0515235294117649,0,0.9927,0.0073,0
17,3,0.2,35,17.7314,1.0430235294117647,0,0.9842,0.0158,0
17,3,0.25,35,17.5835,1.0343235294117648,0,0.9755,0.0245,0
17,3,0.3,35,17.3659,1.0215235294117646,0,0.9627,0.0373,0
17,4,0.05,35,17.9932,1.0584235294117648,0,0.9996,4e-4,0
17,4,0.1,35,17.9915,1.0583235294117646,0,0.9995,5e-4,0
17,4,0.15000000000000002,35,17.9711,1.0571235294117647,0,0.9983,0.0017000000000000001,0
17,4,0.2,35,17.9422,1.0554235294117646,0,0.9966,0.0034,0
17,4,0.25,35,17.8572,1.0504235294117645,0,0.9916,0.0084,0
17,4,0.3,35,17.7348,1.0432235294117647,0,0.9844,0.0156,0
17,5,0.05,35,17.9966,1.0586235294117647,0,0.9998,2e-4,0
17,5,0.1,35,17.9983,1.0587235294117647,0,0.9999,1e-4,0
17,5,0.15000000000000002,35,17.9915,1.0583235294117646,0,0.9995,5e-4,0
17,5,0.2,35,17.9745,1.0573235294117647,0,0.9985,0.0015,0
17,5,0.25,35,17.9507,1.0559235294117648,0,0.9971,0.0029,0
17,5,0.3,35,17.898,1.0528235294117647,0,0.994,0.006,0
17,6,0.05,35,17.9966,1.0586235294117647,0,0.9998,2e-4,0
17,6,0.1,35,17.9983,1.0587235294117647,0,0.9999,1e-4,0
17,6,0.15000000000000002,35,17.9932,1.0584235294117648,0,0.9996,4e-4,0
17,6,0.2,35,17.9881,1.0581235294117646,0,0.9993,7e-4,0
17,6,0.25,35,17.9779,1.0575235294117649,0,0.9987,0.0013,0
17,6,0.3,35,17.9592,1.0564235294117648,0,0.9976,0.0024,0
17,7,0.05,35,17.9983,1.0587235294117647,0,0.9999,1e-4,0
17,7,0.1,35,17.9983,1.0587235294117647,0,0.9999,1e-4,0
17,7,0.15000000000000002,35,17.9983,1.0587235294117647,0,0.9999,1e-4,0
17,7,0.2,35,17.9966,1.0586235294117647,0,0.9998,2e-4,0
17,7,0.25,35,17.9915,1.0583235294117646,0,0.9995,5e-4,0
17,7,0.3,35,17.9796,1.0576235294117649,0,0.9988,0.0012000000000000001,0
17,8,0.05,35,18,1.0588235294117647,0,1,0,0
17,8,0.1,35,17.9983,1.0587235294117647,0,0.9999,1e-4,0
17,8,0.15000000000000002,35,18,1.0588235294117647,0,1,0,0
17,8,0.2,35,17.9949,1.0585235294117648,0,0.9997,3.0000000000000003e-4,0
17,8,0.25,35,17.9932,1.0584235294117648,0,0.9996,4e-4,0
17,8,0.3,35,17.9966,1.0586235294117647,0,0.9998,2e-4,0
17,9,0.05,35,17.9983,1.0587235294117647,0,0.9999,1e-4,0
17,9,0.1,35,17.9966,1.0586235294117647,0,0.9998,2e-4,0
17,9,0.15000000000000002,35,18,1.0588235294117647,0,1,0,0
17,9,0.2,35,17.9983,1.0587235294117647,0,0.9999,1e-4,0
17,9,0.25,35,17.9983,1.0587235294117647,0,0.9999,1e-4,0
17,9,0.3,35,17.9932,1.0584235294117648,0,0.9996,4e-4,0
17,10,0.05,35,17.9966,1.0586235294117647,0,0.9998,2e-4,0
17,10,0.1,35,17.9966,1.0586235294117647,0,0.9998,2e-4,0
17,10,0.15000000000000002,35,17.9983,1.0587235294117647,0,0.9999,1e-4,0
17,10,0.2,35,17.9949,1.0585235294117648,0,0.9997,3e-4,0
17,10,0.25,35,17.9983,1.0587235294117647,0,0.9999,1e-4,0
17,10,0.3,35,18,1.0588235294117647,0,1,0,0
17,11,0.05,35,17.9983,1.0587235294117647,0,0.9999,1e-4,0
17,11,0.1,35,18,1.0588235294117647,0,1,0,0
17,11,0.15000000000000002,35,17.9983,1.0587235294117647,0,0.9999,1e-4,0
17,11,0.2,35,17.9983,1.0587235294117647,0,0.9999,1e-4,0
17,11,0.25,35,17.9983,1.0587235294117647,0,0.9999,1e-4,0
17,11,0.3,35,17.9983,1.0587235294117647,0,0.9999,1e-4,0
17,12,0.05,35,18,1.0588235294117647,0,1,0,0
17,12,0.1,35,18,1.0588235294117647,0,1,0,0
17,12,0.15000000000000002,35,18,1.0588235294117647,0,1,0,0
17,12,0.2,35,17.9983,1.0587235294117647,0,0.9999,1e-4,0
17,12,0.25,35,17.9983,1.0587235294117647,0,0.9999,1e-4,0
17,12,0.3,35,18,1.0588235294117647,0,1,0,0
17,13,0.05,35,18,1.0588235294117647,0,1,0,0
17,13,0.1,35,17.9983,1.0587235294117647,0,0.9999,1e-4,0
17,13,0.15000000000000002,35,18,1.0588235294117647,0,1,0,0
17,13,0.2,35,18,1.0588235294117647,0,1,0,0
17,13,0.25,35,18,1.0588235294117647,0,1,0,0
17,13,0.3,35,17.9966,1.0586235294117647,0,0.9998,2e-4,0
17,14,0.05,35,17.9983,1.0587235294117647,0,0.9999,1e-4,0
17,14,0.1,35,17.9983,1.0587235294117647,0,0.9999,1e-4,0
17,14,0.15000000000000002,35,17.9983,1.0587235294117647,0,0.9999,1e-4,0
17,14,0.2,35,17.9966,1.0586235294117647,0,0.9998,2e-4,0
17,14,0.25,35,17.9983,1.0587235294117647,0,0.9999,1e-4,0
17,14,0.3,35,17.9983,1.0587235294117647,0,0.9999,1e-4,0
17,15,0.05,35,18,1.0588235294117647,0,1,0,0
17,15,0.1,35,17.9966,1.0586235294117647,0,0.9998,2e-4,0
17,15,0.15000000000000002,35,17.9983,1.0587235294117647,0,0.9999,1e-4,0
17,15,0.2,35,18,1.0588235294117647,0,1,0,0
17,15,0.25,35,17.9966,1.0586235294117647,0,0.9998,2e-4,0
17,15,0.3,35,17.9983,1.0587235294117647,0,0.9999,1e-4,0
17,16,0.05,35,17.9983,1.0587235294117647,0,0.9999,1e-4,0
17,16,0.1,35,17.9949,1.0585235294117648,0,0.9997,3.0000000000000003e-4,0
17,16,0.15000000000000002,35,17.9966,1.0586235294117647,0,0.9998,2e-4,0
17,16,0.2,35,17.9966,1.0586235294117647,0,0.9998,2e-4,0
17,16,0.25,35,17.9983,1.0587235294117647,0,0.9999,1e-4,0
17,16,0.3,35,18,1.0588235294117647,0,1,0,0
17,17,0.05,35,17.9949,1.0585235294117648,0,0.9997,3.0000000000000003e-4,0
17,17,0.1,35,18,1.0588235294117647,0,1,0,0
17,17,0.15000000000000002,35,18,1.0588235294117647,0,1,0,0
17,17,0.2,35,18,1.0588235294117647,0,1,0,0
17,17,0.25,35,18,1.0588235294117647,0,1,0,0
17,17,0.3,35,18,1.0588235294117647,0,1,0,0
18,0,0.05,35,1,0.05555555555555555,1,0,0,0
18,0,0.1,35,1,0.05555555555555555,1,0,0,0
18,0,0.15000000000000002,35,1,0.05555555555555555,1,0,0,0
18,0,0.2,35,1,0.05555555555555555,1,0,0,0
18,0,0.25,35,1,0.05555555555555555,1,0,0,0
18,0,0.3,35,1,0.05555555555555555,1,0,0,0
18,1,0.05,35,17.839,0.9910555555555555,0,0.9355,0.0645,0
18,1,0.1,35,16.7662,0.9314555555555556,0,0.8759,0.1241,0
18,1,0.15000000000000002,35,15.8446,0.8802555555555556,0,0.8247,0.1753,0
18,1,0.2,35,14.9932,0.8329555555555556,0,0.7774,0.2226,0
18,1,0.25,35,14.0086,0.7782555555555555,0,0.7227,0.2773,0
18,1,0.3,35,13.3066,0.7392555555555556,0,0.6837,0.3163,0
18,2,0.05,35,18.8956,1.0497555555555556,0,0.9942,0.0058000000000000005,0
18,2,0.1,35,18.6778,1.0376555555555556,0,0.9821,0.0179,0
18,2,0.15000000000000002,35,18.397,1.0220555555555555,0,0.9665,0.0335,0
18,2,0.2,35,18.0676,1.0037555555555555,0,0.9482,0.0518,0
18,2,0.25,35,17.641,0.9800555555555555,0,0.9245,0.0755,0
18,2,0.3,35,17.101,0.9500555555555555,0,0.8945,0.1055,0
18,3,0.05,35,18.9892,1.0549555555555556,0,0.9994,6.000000000000001e-4,0
18,3,0.1,35,18.9442,1.0524555555555555,0,0.9969,0.0031,0
18,3,0.15000000000000002,35,18.8398,1.0466555555555557,0,0.9911,0.0089,0
18,3,0.2,35,18.7156,1.0397555555555555,0,0.9842,0.0158,0
18,3,0.25,35,18.5464,1.0303555555555555,0,0.9748,0.0252,0
18,3,0.3,35,18.3106,1.0172555555555556,0,0.9617,0.0383,0
18,4,0.05,35,18.9946,1.0552555555555554,0,0.9997,3.0000000000000003e-4,0
18,4,0.1,35,18.9856,1.0547555555555557,0,0.9992,8e-4,0
18,4,0.15000000000000002,35,18.964,1.0535555555555556,0,0.998,0.002,0
18,4,0.2,35,18.9136,1.0507555555555554,0,0.9952,0.0048,0
18,4,0.25,35,18.8434,1.0468555555555554,0,0.9913,0.0087,0
18,4,0.3,35,18.7696,1.0427555555555557,0,0.9872,0.0128,0
18,5,0.05,35,18.9982,1.0554555555555556,0,0.9999,1e-4,0
18,5,0.1,35,19,1.0555555555555556,0,1,0,0
18,5,0.15000000000000002,35,18.9892,1.0549555555555556,0,0.9994,6.000000000000001e-4,0
18,5,0.2,35,18.9766,1.0542555555555557,0,0.9987,0.0013,0
18,5,0.25,35,18.928,1.0515555555555556,0,0.996,0.004,0
18,5,0.3,35,18.8956,1.0497555555555556,0,0.9942,0.0058,0
18,6,0.05,35,18.9982,1.0554555555555556,0,0.9999,1e-4,0
18,6,0.1,35,18.9964,1.0553555555555556,0,0.9998,2e-4,0
18,6,0.15000000000000002,35,18.9982,1.0554555555555556,0,0.9999,1e-4,0
18,6,0.2,35,18.9802,1.0544555555555555,0,0.9989,0.0011,0
18,6,0.25,35,18.964,1.0535555555555556,0,0.998,0.002,0
18,6,0.3,35,18.946,1.0525555555555557,0,0.997,0.003,0
18,7,0.05,35,18.9964,1.0553555555555556,0,0.9998,2e-4,0
18,7,0.1,35,18.9964,1.0553555555555556,0,0.9998,2e-4,0
18,7,0.15000000000000002,35,18.9964,1.0553555555555556,0,0.9998,2e-4,0
18,7,0.2,35,18.9982,1.0554555555555556,0,0.9999,1e-4,0
18,7,0.25,35,18.9874,1.0548555555555557,0,0.9993,7e-4,0
18,7,0.3,35,18.973,1.0540555555555555,0,0.9985,0.0015,0
18,8,0.05,35,18.9982,1.0554555555555556,0,0.9999,1e-4,0
18,8,0.1,35,18.9964,1.0553555555555556,0,0.9998,2e-4,0
18,8,0.15000000000000002,35,18.9982,1.0554555555555556,0,0.9999,1e-4,0
18,8,0.2,35,18.9964,1.0553555555555556,0,0.9998,2e-4,0
18,8,0.25,35,18.9892,1.0549555555555556,0,0.9994,6.000000000000001e-4,0
18,8,0.3,35,18.9838,1.0546555555555555,0,0.9991,9e-4,0
18,9,0.05,35,18.9928,1.0551555555555554,0,0.9996,4e-4,0
18,9,0.1,35,19,1.0555555555555556,0,1,0,0
18,9,0.15000000000000002,35,19,1.0555555555555556,0,1,0,0
18,9,0.2,35,18.9964,1.0553555555555556,0,0.9998,2e-4,0
18,9,0.25,35,18.9964,1.0553555555555556,0,0.9998,2e-4,0
18,9,0.3,35,19,1.0555555555555556,0,1,0,0
18,10,0.05,35,18.9928,1.0551555555555554,0,0.9996,4e-4,0
18,10,0.1,35,18.9964,1.0553555555555556,0,0.9998,2e-4,0
18,10,0.15000000000000002,35,19,1.0555555555555556,0,1,0,0
18,10,0.2,35,18.9982,1.0554555555555556,0,0.9999,1e-4,0
18,10,0.25,35,19,1.0555555555555556,0,1,0,0
18,10,0.3,35,18.9946,1.0552555555555554,0,0.9997,3.0000000000000003e-4,0
18,11,0.05,35,18.9964,1.0553555555555556,0,0.9998,2e-4,0
18,11,0.1,35,19,1.0555555555555556,0,1,0,0
18,11,0.15000000000000002,35,19,1.0555555555555556,0,1,0,0
18,11,0.2,35,18.9946,1.0552555555555554,0,0.9997,3.0000000000000003e-4,0
18,11,0.25,35,19,1.0555555555555556,0,1,0,0
18,11,0.3,35,18.9982,1.0554555555555556,0,0.9999,1e-4,0
18,12,0.05,35,19,1.0555555555555556,0,1,0,0
18,12,0.1,35,18.9982,1.0554555555555556,0,0.9999,1e-4,0
18,12,0.15000000000000002,35,18.9964,1.0553555555555556,0,0.9998,2e-4,0
18,12,0.2,35,18.9982,1.0554555555555556,0,0.9999,1e-4,0
18,12,0.25,35,18.9946,1.0552555555555554,0,0.9997,3e-4,0
18,12,0.3,35,18.9964,1.0553555555555556,0,0.9998,2e-4,0
18,13,0.05,35,19,1.0555555555555556,0,1,0,0
18,13,0.1,35,18.9964,1.0553555555555556,0,0.9998,2e-4,0
18,13,0.15000000000000002,35,18.9964,1.0553555555555556,0,0.9998,2e-4,0
18,13,0.2,35,18.9982,1.0554555555555556,0,0.9999,1e-4,0
18,13,0.25,35,18.9982,1.0554555555555556,0,0.9999,1e-4,0
18,13,0.3,35,18.9964,1.0553555555555556,0,0.9998,2e-4,0
18,14,0.05,35,19,1.0555555555555556,0,1,0,0
18,14,0.1,35,19,1.0555555555555556,0,1,0,0
18,14,0.15000000000000002,35,18.9964,1.0553555555555556,0,0.9998,2e-4,0
18,14,0.2,35,19,1.0555555555555556,0,1,0,0
18,14,0.25,35,18.9964,1.0553555555555556,0,0.9998,2e-4,0
18,14,0.3,35,19,1.0555555555555556,0,1,0,0
18,15,0.05,35,18.9964,1.0553555555555556,0,0.9998,2e-4,0
18,15,0.1,35,18.9964,1.0553555555555556,0,0.9998,2e-4,0
18,15,0.15000000000000002,35,18.9982,1.0554555555555556,0,0.9999,1e-4,0
18,15,0.2,35,19,1.0555555555555556,0,1,0,0
18,15,0.25,35,19,1.0555555555555556,0,1,0,0
18,15,0.3,35,18.9982,1.0554555555555556,0,0.9999,1e-4,0
18,16,0.05,35,18.9964,1.0553555555555556,0,0.9998,2e-4,0
18,16,0.1,35,19,1.0555555555555556,0,1,0,0
18,16,0.15000000000000002,35,18.9982,1.0554555555555556,0,0.9999,1e-4,0
18,16,0.2,35,18.9982,1.0554555555555556,0,0.9999,1e-4,0
18,16,0.25,35,18.9964,1.0553555555555556,0,0.9998,2e-4,0
18,16,0.3,35,18.9964,1.0553555555555556,0,0.9998,2e-4,0
18,17,0.05,35,19,1.0555555555555556,0,1,0,0
18,17,0.1,35,18.9982,1.0554555555555556,0,0.9999,1e-4,0
18,17,0.15000000000000002,35,19,1.0555555555555556,0,1,0,0
18,17,0.2,35,18.9964,1.0553555555555556,0,0.9998,2e-4,0
18,17,0.25,35,18.9982,1.0554555555555556,0,0.9999,1e-4,0
18,17,0.3,35,18.9982,1.0554555555555556,0,0.9999,1e-4,0
18,18,0.05,35,19,1.0555555555555556,0,1,0,0
18,18,0.1,35,18.9964,1.0553555555555556,0,0.9998,2e-4,0
18,18,0.15000000000000002,35,18.9982,1.0554555555555556,0,0.9999,1e-4,0
18,18,0.2,35,18.9964,1.0553555555555556,0,0.9998,2e-4,0
18,18,0.25,35,18.9964,1.0553555555555556,0,0.9998,2e-4,0
18,18,0.3,35,19,1.0555555555555556,0,1,0,0
19,0,0.05,35,1,0.05263157894736842,1,0,0,0
19,0,0.1,35,1,0.05263157894736842,1,0,0,0
19,0,0.15000000000000002,35,1,0.05263157894736842,1,0,0,0
19,0,0.2,35,1,0.05263157894736842,1,0,0,0
19,0,0.25,35,1,0.05263157894736842,1,0,0,0
19,0,0.3,35,1,0.05263157894736842,1,0,0,0
19,1,0.05,35,18.6814,0.9832315789473685,0,0.9306,0.0694,0
19,1,0.1,35,17.6383,0.9283315789473685,0,0.8757,0.1243,0
19,1,0.15000000000000002,35,16.6731,0.8775315789473686,0,0.8249,0.1751,0
19,1,0.2,35,15.535,0.8176315789473684,0,0.765,0.235,0
19,1,0.25,35,14.6477,0.7709315789473684,0,0.7183,0.2817,0
19,1,0.3,35,13.7718,0.7248315789473685,0,0.6722,0.3278,0
19,2,0.05,35,19.8955,1.0471315789473683,0,0.9945,0.0055,0
19,2,0.1,35,19.6162,1.0324315789473684,0,0.9798,0.0202,0
19,2,0.15000000000000002,35,19.4243,1.0223315789473684,0,0.9697,0.0303,0
19,2,0.2,35,18.9892,0.9994315789473684,0,0.9468,0.0532,0
19,2,0.25,35,18.3147,0.9639315789473684,0,0.9113,0.0887,0
19,2,0.3,35,18.0126,0.9480315789473683,0,0.8954,0.1046,0
19,3,0.05,35,19.9943,1.0523315789473684,0,0.9997,3e-4,0
19,3,0.1,35,19.9411,1.0495315789473683,0,0.9969,0.0031,0
19,3,0.15000000000000002,35,19.8537,1.0449315789473683,0,0.9923,0.0077,0
19,3,0.2,35,19.7169,1.0377315789473684,0,0.9851,0.0149,0
19,3,0.25,35,19.5117,1.0269315789473685,0,0.9743,0.0257,0
19,3,0.3,35,19.2248,1.0118315789473684,0,0.9592,0.0408,0
19,4,0.05,35,19.9962,1.0524315789473686,0,0.9998,2e-4,0
19,4,0.1,35,19.9829,1.0517315789473685,0,0.9991,9e-4,0
19,4,0.15000000000000002,35,19.9658,1.0508315789473686,0,0.9982,0.0018,0
19,4,0.2,35,19.9259,1.0487315789473683,0,0.9961,0.0039,0
19,4,0.25,35,19.8347,1.0439315789473684,0,0.9913,0.0087,0
19,4,0.3,35,19.7302,1.0384315789473684,0,0.9858,0.0142,0
19,5,0.05,35,20,1.0526315789473684,0,1,0,0
19,5,0.1,35,19.9943,1.0523315789473684,0,0.9997,3.0000000000000003e-4,0
19,5,0.15000000000000002,35,19.9924,1.0522315789473684,0,0.9996,4e-4,0
19,5,0.2,35,19.9677,1.0509315789473685,0,0.9983,0.0017000000000000001,0
19,5,0.25,35,19.9411,1.0495315789473683,0,0.9969,0.0031,0
19,5,0.3,35,19.9088,1.0478315789473684,0,0.9952,0.0048,0
19,6,0.05,35,20,1.0526315789473684,0,1,0,0
19,6,0.1,35,19.9962,1.0524315789473686,0,0.9998,2e-4,0
19,6,0.15000000000000002,35,20,1.0526315789473684,0,1,0,0
19,6,0.2,35,19.9905,1.0521315789473684,0,0.9995,5e-4,0
19,6,0.25,35,19.9696,1.0510315789473683,0,0.9984,0.0016,0
19,6,0.3,35,19.9316,1.0490315789473683,0,0.9964,0.0036,0
19,7,0.05,35,19.9943,1.0523315789473684,0,0.9997,3e-4,0
19,7,0.1,35,19.9981,1.0525315789473684,0,0.9999,1e-4,0
19,7,0.15000000000000002,35,20,1.0526315789473684,0,1,0,0
19,7,0.2,35,19.9924,1.0522315789473684,0,0.9996,4e-4,0
19,7,0.25,35,19.9905,1.0521315789473684,0,0.9995,5e-4,0
19,7,0.3,35,19.9867,1.0519315789473684,0,0.9993,7e-4,0
19,8,0.05,35,20,1.0526315789473684,0,1,0,0
19,8,0.1,35,20,1.0526315789473684,0,1,0,0
19,8,0.15000000000000002,35,19.9981,1.0525315789473684,0,0.9999,1e-4,0
19,8,0.2,35,19.9981,1.0525315789473684,0,0.9999,1e-4,0
19,8,0.25,35,19.9943,1.0523315789473684,0,0.9997,3.0000000000000003e-4,0
19,8,0.3,35,19.9791,1.0515315789473683,0,0.9989,0.0011,0
19,9,0.05,35,20,1.0526315789473684,0,1,0,0
19,9,0.1,35,19.9981,1.0525315789473684,0,0.9999,1e-4,0
19,9,0.15000000000000002,35,19.9962,1.0524315789473686,0,0.9998,2e-4,0
19,9,0.2,35,19.9962,1.0524315789473686,0,0.9998,2e-4,0
19,9,0.25,35,19.9943,1.0523315789473684,0,0.9997,3.0000000000000003e-4,0
19,9,0.3,35,19.9886,1.0520315789473684,0,0.9994,6e-4,0
19,10,0.05,35,20,1.0526315789473684,0,1,0,0
19,10,0.1,35,19.9981,1.0525315789473684,0,0.9999,1e-4,0
19,10,0.15000000000000002,35,20,1.0526315789473684,0,1,0,0
19,10,0.2,35,19.9981,1.0525315789473684,0,0.9999,1e-4,0
19,10,0.25,35,19.9981,1.0525315789473684,0,0.9999,1e-4,0
19,10,0.3,35,19.9981,1.0525315789473684,0,0.9999,1e-4,0
19,11,0.05,35,19.9981,1.0525315789473684,0,0.9999,1e-4,0
19,11,0.1,35,20,1.0526315789473684,0,1,0,0
19,11,0.15000000000000002,35,19.9943,1.0523315789473684,0,0.9997,3.0000000000000003e-4,0
19,11,0.2,35,20,1.0526315789473684,0,1,0,0
19,11,0.25,35,20,1.0526315789473684,0,1,0,0
19,11,0.3,35,19.9962,1.0524315789473686,0,0.9998,2e-4,0
19,12,0.05,35,19.9981,1.0525315789473684,0,0.9999,1e-4,0
19,12,0.1,35,19.9981,1.0525315789473684,0,0.9999,1e-4,0
19,12,0.15000000000000002,35,19.9981,1.0525315789473684,0,0.9999,1e-4,0
19,12,0.2,35,19.9981,1.0525315789473684,0,0.9999,1e-4,0
19,12,0.25,35,19.9962,1.0524315789473686,0,0.9998,2e-4,0
19,12,0.3,35,19.9981,1.0525315789473684,0,0.9999,1e-4,0
19,13,0.05,35,20,1.0526315789473684,0,1,0,0
19,13,0.1,35,19.9962,1.0524315789473686,0,0.9998,2e-4,0
19,13,0.15000000000000002,35,19.9981,1.0525315789473684,0,0.9999,1e-4,0
19,13,0.2,35,19.9981,1.0525315789473684,0,0.9999,1e-4,0
19,13,0.25,35,19.9943,1.0523315789473684,0,0.9997,3.0000000000000003e-4,0
19,13,0.3,35,19.9981,1.0525315789473684,0,0.9999,1e-4,0
19,14,0.05,35,19.9981,1.0525315789473684,0,0.9999,1e-4,0
19,14,0.1,35,20,1.0526315789473684,0,1,0,0
19,14,0.15000000000000002,35,19.9981,1.0525315789473684,0,0.9999,1e-4,0
19,14,0.2,35,19.9962,1.0524315789473686,0,0.9998,2e-4,0
19,14,0.25,35,19.9943,1.0523315789473684,0,0.9997,3.0000000000000003e-4,0
19,14,0.3,35,19.9981,1.0525315789473684,0,0.9999,1e-4,0
19,15,0.05,35,19.9981,1.0525315789473684,0,0.9999,1e-4,0
19,15,0.1,35,20,1.0526315789473684,0,1,0,0
19,15,0.15000000000000002,35,19.9943,1.0523315789473684,0,0.9997,3.0000000000000003e-4,0
19,15,0.2,35,19.9981,1.0525315789473684,0,0.9999,1e-4,0
19,15,0.25,35,20,1.0526315789473684,0,1,0,0
19,15,0.3,35,19.9962,1.0524315789473686,0,0.9998,2e-4,0
19,16,0.05,35,19.9981,1.0525315789473684,0,0.9999,1e-4,0
19,16,0.1,35,19.9962,1.0524315789473686,0,0.9998,2e-4,0
19,16,0.15000000000000002,35,19.9962,1.0524315789473686,0,0.9998,2e-4,0
19,16,0.2,35,20,1.0526315789473684,0,1,0,0
19,16,0.25,35,20,1.0526315789473684,0,1,0,0
19,16,0.3,35,19.9981,1.0525315789473684,0,0.9999,1e-4,0
19,17,0.05,35,19.9981,1.0525315789473684,0,0.9999,1e-4,0
19,17,0.1,35,19.9943,1.0523315789473684,0,0.9997,3.0000000000000003e-4,0
19,17,0.15000000000000002,35,19.9981,1.0525315789473684,0,0.9999,1e-4,0
19,17,0.2,35,20,1.0526315789473684,0,1,0,0
19,17,0.25,35,20,1.0526315789473684,0,1,0,0
19,17,0.3,35,20,1.0526315789473684,0,1,0,0
19,18,0.05,35,19.9981,1.0525315789473684,0,0.9999,1e-4,0
19,18,0.1,35,19.9981,1.0525315789473684,0,0.9999,1e-4,0
19,18,0.15000000000000002,35,19.9943,1.0523315789473684,0,0.9997,3.0000000000000003e-4,0
19,18,0.2,35,19.9981,1.0525315789473684,0,0.9999,1e-4,0
19,18,0.25,35,19.9962,1.0524315789473686,0,0.9998,2e-4,0
19,18,0.3,35,20,1.0526315789473684,0,1,0,0
19,19,0.05,35,20,1.0526315789473684,0,1,0,0
19,19,0.1,35,19.9981,1.0525315789473684,0,0.9999,1e-4,0
19,19,0.15000000000000002,35,19.9981,1.0525315789473684,0,0.9999,1e-4,0
19,19,0.2,35,19.9981,1.0525315789473684,0,0.9999,1e-4,0
19,19,0.25,35,19.9981,1.0525315789473684,0,0.9999,1e-4,0
19,19,0.3,35,20,1.0526315789473684,0,1,0,0
20,0,0.05,35,1,0.05,1,0,0,0
20,0,0.1,35,1,0.05,1,0,0,0
20,0,0.15000000000000002,35,1,0.05,1,0,0,0
20,0,0.2,35,1,0.05,1,0,0,0
20,0,0.25,35,1,0.05,1,0,0,0
20,0,0.3,35,1,0.05,1,0,0,0
20,1,0.05,35,19.566,0.9783,0,0.9283,0.0717,0
20,1,0.1,35,18.262,0.9131,0,0.8631,0.1369,0
20,1,0.15000000000000002,35,17.484,0.8742000000000001,0,0.8242,0.1758,0
20,1,0.2,35,16.492,0.8246,0,0.7746,0.2254,0
20,1,0.25,35,15.434,0.7716999999999999,0,0.7217,0.2783,0
20,1,0.3,35,14.46,0.7230000000000001,0,0.673,0.327,0
20,2,0.05,35,20.872,1.0436,0,0.9936,0.0064,0
20,2,0.1,35,20.636,1.0318,0,0.9818,0.0182,0
20,2,0.15000000000000002,35,20.344,1.0172,0,0.9672,0.0328,0
20,2,0.2,35,19.79,0.9894999999999999,0,0.9395,0.0605,0
20,2,0.25,35,19.18,0.959,0,0.909,0.091,0
20,2,0.3,35,18.812,0.9406000000000001,0,0.8906,0.1094,0
20,3,0.05,35,20.99,1.0494999999999999,0,0.9995,5e-4,0
20,3,0.1,35,20.918,1.0459,0,0.9959,0.0041,0
20,3,0.15000000000000002,35,20.846,1.0423,0,0.9923,0.0077,0
20,3,0.2,35,20.694,1.0347,0,0.9847,0.0153,0
20,3,0.25,35,20.488,1.0244,0,0.9744,0.0256,0
20,3,0.3,35,20.182,1.0090999999999999,0,0.9591,0.0409,0
20,4,0.05,35,20.992,1.0496,0,0.9996,4e-4,0
20,4,0.1,35,20.976,1.0488,0,0.9988,0.0012,0
20,4,0.15000000000000002,35,20.966,1.0483,0,0.9983,0.0017,0
20,4,0.2,35,20.888,1.0444,0,0.9944,0.0056,0
20,4,0.25,35,20.832,1.0416,0,0.9916,0.0084,0
20,4,0.3,35,20.702,1.0351000000000001,0,0.9851,0.0149,0
20,5,0.05,35,21,1.05,0,1,0,0
20,5,0.1,35,20.994,1.0497,0,0.9997,3e-4,0
20,5,0.15000000000000002,35,20.986,1.0493000000000001,0,0.9993,7e-4,0
20,5,0.2,35,20.968,1.0484,0,0.9984,0.0016,0
20,5,0.25,35,20.928,1.0464,0,0.9964,0.0036,0
20,5,0.3,35,20.87,1.0435,0,0.9935,0.0065,0
20,6,0.05,35,20.996,1.0497999999999998,0,0.9998,2e-4,0
20,6,0.1,35,20.996,1.0497999999999998,0,0.9998,2e-4,0
20,6,0.15000000000000002,35,20.994,1.0497,0,0.9997,3.0000000000000003e-4,0
20,6,0.2,35,20.976,1.0488,0,0.9988,0.0012000000000000001,0
20,6,0.25,35,20.96,1.048,0,0.998,0.002,0
20,6,0.3,35,20.944,1.0472,0,0.9972,0.0028,0
20,7,0.05,35,20.998,1.0499,0,0.9999,1e-4,0
20,7,0.1,35,20.996,1.0497999999999998,0,0.9998,2e-4,0
20,7,0.15000000000000002,35,20.998,1.0499,0,0.9999,1e-4,0
20,7,0.2,35,20.994,1.0497,0,0.9997,3e-4,0
20,7,0.25,35,20.988,1.0493999999999999,0,0.9994,6.000000000000001e-4,0
20,7,0.3,35,20.968,1.0484,0,0.9984,0.0016,0
20,8,0.05,35,21,1.05,0,1,0,0
20,8,0.1,35,20.996,1.0497999999999998,0,0.9998,2e-4,0
20,8,0.15000000000000002,35,21,1.05,0,1,0,0
20,8,0.2,35,20.994,1.0497,0,0.9997,3.0000000000000003e-4,0
20,8,0.25,35,20.99,1.0494999999999999,0,0.9995,5e-4,0
20,8,0.3,35,20.988,1.0493999999999999,0,0.9994,6.000000000000001e-4,0
20,9,0.05,35,20.998,1.0499,0,0.9999,1e-4,0
20,9,0.1,35,20.998,1.0499,0,0.9999,1e-4,0
20,9,0.15000000000000002,35,20.998,1.0499,0,0.9999,1e-4,0
20,9,0.2,35,21,1.05,0,1,0,0
20,9,0.25,35,20.998,1.0499,0,0.9999,1e-4,0
20,9,0.3,35,20.996,1.0497999999999998,0,0.9998,2e-4,0
20,10,0.05,35,21,1.05,0,1,0,0
20,10,0.1,35,21,1.05,0,1,0,0
20,10,0.15000000000000002,35,21,1.05,0,1,0,0
20,10,0.2,35,21,1.05,0,1,0,0
20,10,0.25,35,20.996,1.0497999999999998,0,0.9998,2e-4,0
20,10,0.3,35,20.996,1.0497999999999998,0,0.9998,2e-4,0
20,11,0.05,35,21,1.05,0,1,0,0
20,11,0.1,35,21,1.05,0,1,0,0
20,11,0.15000000000000002,35,21,1.05,0,1,0,0
20,11,0.2,35,20.998,1.0499,0,0.9999,1e-4,0
20,11,0.25,35,20.998,1.0499,0,0.9999,1e-4,0
20,11,0.3,35,20.998,1.0499,0,0.9999,1e-4,0
20,12,0.05,35,20.994,1.0497,0,0.9997,3.0000000000000003e-4,0
20,12,0.1,35,21,1.05,0,1,0,0
20,12,0.15000000000000002,35,20.994,1.0497,0,0.9997,3.0000000000000003e-4,0
20,12,0.2,35,20.998,1.0499,0,0.9999,1e-4,0
20,12,0.25,35,20.996,1.0497999999999998,0,0.9998,2e-4,0
20,12,0.3,35,20.998,1.0499,0,0.9999,1e-4,0
20,13,0.05,35,20.998,1.0499,0,0.9999,1e-4,0
20,13,0.1,35,21,1.05,0,1,0,0
20,13,0.15000000000000002,35,20.996,1.0497999999999998,0,0.9998,2e-4,0
20,13,0.2,35,20.996,1.0497999999999998,0,0.9998,2e-4,0
20,13,0.25,35,20.996,1.0497999999999998,0,0.9998,2e-4,0
20,13,0.3,35,20.994,1.0497,0,0.9997,3.0000000000000003e-4,0
20,14,0.05,35,20.998,1.0499,0,0.9999,1e-4,0
20,14,0.1,35,20.998,1.0499,0,0.9999,1e-4,0
20,14,0.15000000000000002,35,20.996,1.0497999999999998,0,0.9998,2e-4,0
20,14,0.2,35,21,1.05,0,1,0,0
20,14,0.25,35,20.998,1.0499,0,0.9999,1e-4,0
20,14,0.3,35,21,1.05,0,1,0,0
20,15,0.05,35,20.996,1.0497999999999998,0,0.9998,2e-4,0
20,15,0.1,35,20.998,1.0499,0,0.9999,1e-4,0
20,15,0.15000000000000002,35,20.994,1.0497,0,0.9997,3.0000000000000003e-4,0
20,15,0.2,35,20.996,1.0497999999999998,0,0.9998,2e-4,0
20,15,0.25,35,20.998,1.0499,0,0.9999,1e-4,0
20,15,0.3,35,21,1.05,0,1,0,0
20,16,0.05,35,21,1.05,0,1,0,0
20,16,0.1,35,21,1.05,0,1,0,0
20,16,0.15000000000000002,35,20.996,1.0497999999999998,0,0.9998,2e-4,0
20,16,0.2,35,20.996,1.0497999999999998,0,0.9998,2e-4,0
20,16,0.25,35,20.998,1.0499,0,0.9999,1e-4,0
20,16,0.3,35,20.998,1.0499,0,0.9999,1e-4,0
20,17,0.05,35,20.998,1.0499,0,0.9999,1e-4,0
20,17,0.1,35,20.998,1.0499,0,0.9999,1e-4,0
20,17,0.15000000000000002,35,20.998,1.0499,0,0.9999,1e-4,0
20,17,0.2,35,20.998,1.0499,0,0.9999,1e-4,0
20,17,0.25,35,21,1.05,0,1,0,0
20,17,0.3,35,20.994,1.0497,0,0.9997,3.0000000000000003e-4,0
20,18,0.05,35,21,1.05,0,1,0,0
20,18,0.1,35,21,1.05,0,1,0,0
20,18,0.15000000000000002,35,21,1.05,0,1,0,0
20,18,0.2,35,21,1.05,0,1,0,0
20,18,0.25,35,21,1.05,0,1,0,0
20,18,0.3,35,21,1.05,0,1,0,0
20,19,0.05,35,21,1.05,0,1,0,0
20,19,0.1,35,21,1.05,0,1,0,0
20,19,0.15000000000000002,35,20.998,1.0499,0,0.9999,1e-4,0
20,19,0.2,35,20.998,1.0499,0,0.9999,1e-4,0
20,19,0.25,35,20.996,1.0497999999999998,0,0.9998,2e-4,0
20,19,0.3,35,20.998,1.0499,0,0.9999,1e-4,0
20,20,0.05,35,20.99,1.0494999999999999,0,0.9995,5e-4,0
20,20,0.1,35,20.998,1.0499,0,0.9999,1e-4,0
20,20,0.15000000000000002,35,20.998,1.0499,0,0.9999,1e-4,0
20,20,0.2,35,20.998,1.0499,0,0.9999,1e-4,0
20,20,0.25,35,21,1.05,0,1,0,0
20,20,0.3,35,21,1.05,0,1,0,0
